year,circuit,country,driver_number,grid_position,qualifying_lap_time,finishing_position,team_name,driver_name,country_code,air_temperature,humidity,rainfall,track_temperature,wind_speed,finishing_position_int,driver_form_last3,team_form_last3,qualifying_gap_to_pole,teammate_grid_delta,driver_championship_position,team_championship_position,driver_points_season,team_points_season,track_type,overtaking_difficulty,weather_rain_forecast
2023,Baku,Azerbaijan,1,3,101.987,3,Red Bull Racing,Max VERSTAPPEN,NED,22.201219512195127,58.28048780487805,0.024390243902439025,36.83170731707317,0.7304878048780489,3,,,1.7839999999999918,1,,,,,street,4.0,
2023,Baku,Azerbaijan,1,2,100.391,2,Red Bull Racing,Max VERSTAPPEN,NED,24.860625,49.225,0.0,41.209999999999994,1.083125,2,3.0,3.0,0.1880000000000024,0,,,,,street,4.0,
2023,Interlagos,Brazil,1,1,70.727,1,Red Bull Racing,Max VERSTAPPEN,NED,,,,,,1,2.5,2.5,0.18000000000000682,-8,,,,,permanent,3.0,
2023,Jeddah,Saudi Arabia,1,15,109.953,2,Red Bull Racing,Max VERSTAPPEN,NED,26.09189189189189,57.79054054054054,0.0,31.79256756756757,1.772297297297297,2,2.0,2.0,21.688000000000002,14,,,,,street,5.0,
2023,Melbourne,Australia,1,1,76.732,1,Red Bull Racing,Max VERSTAPPEN,NED,17.449549549549552,54.15765765765766,0.0,30.13963963963964,1.1270270270270266,1,1.6666666666666667,1.6666666666666667,0.0,,,,,,permanent,3.0,
2023,Miami,United States,1,9,,1,Red Bull Racing,Max VERSTAPPEN,NED,27.11741935483871,59.42580645161291,0.0,36.689032258064515,3.970322580645162,1,1.3333333333333333,1.3333333333333333,,8,,,,,permanent,3.0,
2023,Monte Carlo,Monaco,1,1,71.365,1,Red Bull Racing,Max VERSTAPPEN,NED,25.06590909090909,45.86363636363637,0.14772727272727273,39.25568181818182,1.0056818181818181,1,1.3333333333333333,1.3333333333333333,0.0,-19,,,,,permanent,3.0,
2023,Montreal,Canada,1,1,85.858,1,Red Bull Racing,Max VERSTAPPEN,NED,18.530246913580246,63.901234567901234,0.0,30.593209876543206,1.941975308641975,1,1.0,1.0,5.243000000000009,-11,,,,,permanent,3.0,
2023,Sakhir,Bahrain,1,1,89.708,1,Red Bull Racing,Max VERSTAPPEN,NED,27.43167701863354,21.496894409937887,0.0,31.01180124223602,0.6832298136645961,1,1.0,1.0,0.0,-1,,,,,permanent,3.0,
2023,Singapore,Singapore,1,11,92.173,5,Red Bull Racing,Max VERSTAPPEN,NED,29.844318181818185,72.0284090909091,0.0,36.42215909090909,1.4159090909090908,5,1.0,1.0,1.1890000000000072,-2,,,,,street,2.0,
2023,Spielberg,Austria,1,1,64.44,1,Red Bull Racing,Max VERSTAPPEN,NED,16.442268041237117,87.25773195876289,0.35051546391752575,21.11443298969072,0.7752577319587629,1,2.3333333333333335,2.3333333333333335,0.04899999999999238,-1,,,,,permanent,3.0,
2023,Spielberg,Austria,1,1,64.391,1,Red Bull Racing,Max VERSTAPPEN,NED,22.398039215686275,52.04575163398693,0.0196078431372549,32.05424836601307,1.0973856209150326,1,2.3333333333333335,2.3333333333333335,0.0,-1,,,,,permanent,3.0,
2024,Baku,Azerbaijan,1,6,102.023,5,Red Bull Racing,Max VERSTAPPEN,NED,26.70592105263158,38.01973684210526,0.0,44.34934210526316,1.5513157894736842,5,2.3333333333333335,2.3333333333333335,0.6580000000000013,2,,,,,street,4.0,
2024,Catalunya,Spain,1,2,71.403,1,Red Bull Racing,Max VERSTAPPEN,NED,24.132467532467533,63.44155844155844,0.006493506493506494,41.096103896103905,2.1233766233766236,1,2.3333333333333335,2.3333333333333335,0.020000000000010232,-9,,,,,permanent,3.0,
2024,Imola,Italy,1,1,74.746,1,Red Bull Racing,Max VERSTAPPEN,NED,25.113986013986015,48.42657342657343,0.0,42.023776223776224,2.141258741258741,1,2.3333333333333335,2.3333333333333335,0.0,-10,,,,,permanent,3.0,
2024,Las Vegas,United States,1,5,92.797,5,Red Bull Racing,Max VERSTAPPEN,NED,,,,,,5,2.3333333333333335,2.3333333333333335,0.48499999999999943,-10,,,,,permanent,3.0,
2024,Miami,United States,1,1,87.641,1,Red Bull Racing,Max VERSTAPPEN,NED,28.698780487804882,56.02439024390244,0.0,44.82682926829268,3.1097560975609757,1,2.3333333333333335,2.3333333333333335,0.4000000000000057,-2,,,,,permanent,3.0,
2024,Miami,United States,1,1,87.241,2,Red Bull Racing,Max VERSTAPPEN,NED,,,,,,2,2.3333333333333335,2.3333333333333335,0.0,-2,,,,,permanent,3.0,
2024,Monte Carlo,Monaco,1,6,70.567,6,Red Bull Racing,Max VERSTAPPEN,NED,21.596499999999995,63.99,0.0,46.318000000000005,0.9795,6,2.6666666666666665,2.6666666666666665,0.29699999999999704,,,,,,permanent,3.0,
2024,Montreal,Canada,1,2,72.0,1,Red Bull Racing,Max VERSTAPPEN,NED,17.797345132743363,73.38053097345133,0.2743362831858407,24.569911504424784,1.169911504424779,1,3.0,3.0,0.0,,,,,,permanent,3.0,
2024,Monza,Italy,1,7,80.022,6,Red Bull Racing,Max VERSTAPPEN,NED,33.1015037593985,32.285714285714285,0.0,49.31127819548872,1.518796992481203,6,3.0,3.0,0.6950000000000074,-1,,,,,permanent,3.0,
2024,Shanghai,China,1,4,120.028,1,Red Bull Racing,Max VERSTAPPEN,NED,19.765,69.5375,0.0,26.964999999999996,2.5787500000000003,1,4.333333333333333,4.333333333333333,26.36800000000001,-2,,,,,permanent,3.0,
2024,Shanghai,China,1,1,93.66,1,Red Bull Racing,Max VERSTAPPEN,NED,18.63939393939394,66.06060606060606,0.0,29.792727272727273,1.68,1,2.6666666666666665,2.6666666666666665,0.0,-5,,,,,permanent,3.0,
2024,Spielberg,Austria,1,1,64.314,5,Red Bull Racing,Max VERSTAPPEN,NED,,,,,,5,2.6666666666666665,2.6666666666666665,0.0,-7,,,,,permanent,3.0,
2024,Zandvoort,Netherlands,1,2,70.029,2,Red Bull Racing,Max VERSTAPPEN,NED,19.00588235294118,60.96078431372549,0.0,30.80588235294118,4.568627450980392,2,2.3333333333333335,2.3333333333333335,0.35599999999999454,-3,,,,,permanent,3.0,
2023,Baku,Azerbaijan,2,14,102.395,16,Williams,Logan SARGEANT,USA,24.860625,49.225,0.0,41.209999999999994,1.083125,16,,,2.191999999999993,7,,,,,street,4.0,
2023,Interlagos,Brazil,2,19,71.035,11,Williams,Logan SARGEANT,USA,,,,,,11,16.0,16.0,0.48799999999999955,,,,,,permanent,3.0,
2023,Jeddah,Saudi Arabia,2,20,128.51,16,Williams,Logan SARGEANT,USA,26.09189189189189,57.79054054054054,0.0,31.79256756756757,1.772297297297297,16,13.5,13.5,40.24499999999999,,,,,,street,5.0,
2023,Melbourne,Australia,2,18,78.557,16,Williams,Logan SARGEANT,USA,17.449549549549552,54.15765765765766,0.0,30.13963963963964,1.1270270270270266,16,14.333333333333334,14.333333333333334,1.8250000000000028,,,,,,permanent,3.0,
2023,Miami,United States,2,20,88.577,20,Williams,Logan SARGEANT,USA,27.11741935483871,59.42580645161291,0.0,36.689032258064515,3.970322580645162,20,14.333333333333334,14.333333333333334,1.7360000000000042,9,,,,,permanent,3.0,
2023,Monte Carlo,Monaco,2,16,73.113,18,Williams,Logan SARGEANT,USA,25.06590909090909,45.86363636363637,0.14772727272727273,39.25568181818182,1.0056818181818181,18,17.333333333333332,17.333333333333332,1.7480000000000047,3,,,,,permanent,3.0,
2023,Sakhir,Bahrain,2,16,91.652,12,Williams,Logan SARGEANT,USA,27.43167701863354,21.496894409937887,0.0,31.01180124223602,0.6832298136645961,12,18.0,18.0,1.9440000000000026,1,,,,,permanent,3.0,
2023,Singapore,Singapore,2,18,93.252,14,Williams,Logan SARGEANT,USA,29.844318181818185,72.0284090909091,0.0,36.42215909090909,1.4159090909090908,14,16.666666666666668,16.666666666666668,2.2680000000000007,4,,,,,street,2.0,
2023,Spielberg,Austria,2,20,67.426,18,Williams,Logan SARGEANT,USA,16.442268041237117,87.25773195876289,0.35051546391752575,21.11443298969072,0.7752577319587629,18,14.666666666666666,14.666666666666666,3.0349999999999966,9,,,,,permanent,3.0,
2023,Spielberg,Austria,2,18,65.948,13,Williams,Logan SARGEANT,USA,22.398039215686275,52.04575163398693,0.0196078431372549,32.05424836601307,1.0973856209150326,13,14.666666666666666,14.666666666666666,1.556999999999988,7,,,,,permanent,3.0,
2024,Catalunya,Spain,2,19,73.509,20,Williams,Logan SARGEANT,USA,24.132467532467533,63.44155844155844,0.006493506493506494,41.096103896103905,2.1233766233766236,20,15.0,15.0,2.1260000000000048,-1,,,,,permanent,3.0,
2024,Imola,Italy,2,19,,17,Williams,Logan SARGEANT,USA,25.113986013986015,48.42657342657343,0.0,42.023776223776224,2.141258741258741,17,17.0,17.0,,,,,,,permanent,3.0,
2024,Miami,United States,2,18,89.551,10,Williams,Logan SARGEANT,USA,28.698780487804882,56.02439024390244,0.0,44.82682926829268,3.1097560975609757,10,16.666666666666668,16.666666666666668,2.3100000000000023,-2,,,,,permanent,3.0,
2024,Monte Carlo,Monaco,2,15,72.02,15,Williams,Logan SARGEANT,USA,21.596499999999995,63.99,0.0,46.318000000000005,0.9795,15,15.666666666666666,15.666666666666666,1.75,6,,,,,permanent,3.0,
2024,Shanghai,China,2,20,97.923,18,Williams,Logan SARGEANT,USA,19.765,69.5375,0.0,26.964999999999996,2.5787500000000003,18,14.0,14.0,4.263000000000005,2,,,,,permanent,3.0,
2024,Shanghai,China,2,20,96.358,17,Williams,Logan SARGEANT,USA,18.63939393939394,66.06060606060606,0.0,29.792727272727273,1.68,17,14.333333333333334,14.333333333333334,2.6980000000000075,2,,,,,permanent,3.0,
2024,Spielberg,Austria,2,19,65.856,19,Williams,Logan SARGEANT,USA,,,,,,19,16.666666666666668,16.666666666666668,1.5420000000000016,3,,,,,permanent,3.0,
2024,Zandvoort,Netherlands,2,18,,16,Williams,Logan SARGEANT,USA,19.00588235294118,60.96078431372549,0.0,30.80588235294118,4.568627450980392,16,18.0,18.0,,-1,,,,,permanent,3.0,
2023,Interlagos,Brazil,3,17,70.843,13,AlphaTauri,Daniel RICCIARDO,AUS,,,,,,13,,,0.2960000000000065,1,,,,,permanent,3.0,
2024,Baku,Azerbaijan,3,14,103.547,13,RB,Daniel RICCIARDO,AUS,26.70592105263158,38.01973684210526,0.0,44.34934210526316,1.5513157894736842,13,13.0,,2.182000000000002,,,,,,street,4.0,
2024,Catalunya,Spain,3,18,73.075,15,RB,Daniel RICCIARDO,AUS,24.132467532467533,63.44155844155844,0.006493506493506494,41.096103896103905,2.1233766233766236,15,13.0,13.0,1.6920000000000073,1,,,,,permanent,3.0,
2024,Imola,Italy,3,9,75.674,13,RB,Daniel RICCIARDO,AUS,25.113986013986015,48.42657342657343,0.0,42.023776223776224,2.141258741258741,13,13.666666666666666,14.0,0.9280000000000115,2,,,,,permanent,3.0,
2024,Miami,United States,3,4,88.044,4,RB,Daniel RICCIARDO,AUS,28.698780487804882,56.02439024390244,0.0,44.82682926829268,3.1097560975609757,4,13.666666666666666,13.666666666666666,0.8029999999999973,-11,,,,,permanent,3.0,
2024,Miami,United States,3,20,88.617,15,RB,Daniel RICCIARDO,AUS,,,,,,15,10.666666666666666,10.666666666666666,1.3760000000000048,5,,,,,permanent,3.0,
2024,Monte Carlo,Monaco,3,12,71.482,12,RB,Daniel RICCIARDO,AUS,21.596499999999995,63.99,0.0,46.318000000000005,0.9795,12,10.666666666666666,10.666666666666666,1.2120000000000033,4,,,,,permanent,3.0,
2024,Montreal,Canada,3,5,72.178,8,RB,Daniel RICCIARDO,AUS,17.797345132743363,73.38053097345133,0.2743362831858407,24.569911504424784,1.169911504424779,8,10.333333333333334,10.333333333333334,0.17799999999999727,-3,,,,,permanent,3.0,
2024,Monza,Italy,3,12,80.479,13,RB,Daniel RICCIARDO,AUS,33.1015037593985,32.285714285714285,0.0,49.31127819548872,1.518796992481203,13,11.666666666666666,11.666666666666666,1.152000000000001,,,,,,permanent,3.0,
2024,Shanghai,China,3,14,96.553,11,RB,Daniel RICCIARDO,AUS,19.765,69.5375,0.0,26.964999999999996,2.5787500000000003,11,11.0,11.0,2.8930000000000007,-5,,,,,permanent,3.0,
2024,Spielberg,Austria,3,11,65.289,9,RB,Daniel RICCIARDO,AUS,,,,,,9,10.666666666666666,10.666666666666666,0.9750000000000085,-3,,,,,permanent,3.0,
2024,Zandvoort,Netherlands,3,13,71.943,12,RB,Daniel RICCIARDO,AUS,19.00588235294118,60.96078431372549,0.0,30.80588235294118,4.568627450980392,12,11.0,11.0,2.269999999999996,2,,,,,permanent,3.0,
2023,Baku,Azerbaijan,4,10,,17,McLaren,Lando NORRIS,GBR,22.201219512195127,58.28048780487805,0.024390243902439025,36.83170731707317,0.7304878048780489,17,,,,-1,,,,,street,4.0,
2023,Baku,Azerbaijan,4,7,101.281,9,McLaren,Lando NORRIS,GBR,24.860625,49.225,0.0,41.209999999999994,1.083125,9,17.0,17.0,1.078000000000003,-4,,,,,street,4.0,
2023,Interlagos,Brazil,4,6,71.987,2,McLaren,Lando NORRIS,GBR,,,,,,2,13.0,13.0,1.4399999999999977,-4,,,,,permanent,3.0,
2023,Jeddah,Saudi Arabia,4,19,90.447,17,McLaren,Lando NORRIS,GBR,26.09189189189189,57.79054054054054,0.0,31.79256756756757,1.772297297297297,17,9.333333333333334,9.333333333333334,2.182000000000002,11,,,,,street,5.0,
2023,Melbourne,Australia,4,13,78.119,6,McLaren,Lando NORRIS,GBR,17.449549549549552,54.15765765765766,0.0,30.13963963963964,1.1270270270270266,6,9.333333333333334,9.333333333333334,1.3870000000000005,-3,,,,,permanent,3.0,
2023,Miami,United States,4,16,88.394,17,McLaren,Lando NORRIS,GBR,27.11741935483871,59.42580645161291,0.0,36.689032258064515,3.970322580645162,17,8.333333333333334,8.333333333333334,1.5530000000000115,-3,,,,,permanent,3.0,
2023,Monte Carlo,Monaco,4,10,72.254,9,McLaren,Lando NORRIS,GBR,25.06590909090909,45.86363636363637,0.14772727272727273,39.25568181818182,1.0056818181818181,9,13.333333333333334,13.333333333333334,0.88900000000001,-1,,,,,permanent,3.0,
2023,Montreal,Canada,4,7,88.046,13,McLaren,Lando NORRIS,GBR,18.530246913580246,63.901234567901234,0.0,30.593209876543206,1.941975308641975,13,10.666666666666666,10.666666666666666,7.431000000000012,-1,,,,,permanent,3.0,
2023,Sakhir,Bahrain,4,11,91.381,17,McLaren,Lando NORRIS,GBR,27.43167701863354,21.496894409937887,0.0,31.01180124223602,0.6832298136645961,17,13.0,13.0,1.6730000000000018,,,,,,permanent,3.0,
2023,Singapore,Singapore,4,4,91.27,2,McLaren,Lando NORRIS,GBR,29.844318181818185,72.0284090909091,0.0,36.42215909090909,1.4159090909090908,2,13.0,13.0,0.28600000000000136,-13,,,,,street,2.0,
2023,Spielberg,Austria,4,3,65.01,9,McLaren,Lando NORRIS,GBR,16.442268041237117,87.25773195876289,0.35051546391752575,21.11443298969072,0.7752577319587629,9,10.666666666666666,10.666666666666666,0.6189999999999998,-14,,,,,permanent,3.0,
2023,Spielberg,Austria,4,4,64.658,4,McLaren,Lando NORRIS,GBR,22.398039215686275,52.04575163398693,0.0196078431372549,32.05424836601307,1.0973856209150326,4,9.333333333333334,9.333333333333334,0.2669999999999959,-13,,,,,permanent,3.0,
2024,Baku,Azerbaijan,4,15,103.609,4,McLaren,Lando NORRIS,GBR,26.70592105263158,38.01973684210526,0.0,44.34934210526316,1.5513157894736842,4,5.0,5.0,2.2439999999999998,13,,,,,street,4.0,
2024,Catalunya,Spain,4,1,71.383,2,McLaren,Lando NORRIS,GBR,24.132467532467533,63.44155844155844,0.006493506493506494,41.096103896103905,2.1233766233766236,2,5.666666666666667,5.666666666666667,0.0,-8,,,,,permanent,3.0,
2024,Imola,Italy,4,2,74.837,2,McLaren,Lando NORRIS,GBR,25.113986013986015,48.42657342657343,0.0,42.023776223776224,2.141258741258741,2,3.3333333333333335,3.3333333333333335,0.09100000000000819,-3,,,,,permanent,3.0,
2024,Las Vegas,United States,4,6,93.008,6,McLaren,Lando NORRIS,GBR,,,,,,6,2.6666666666666665,2.6666666666666665,0.695999999999998,-2,,,,,permanent,3.0,
2024,Miami,United States,4,5,87.594,1,McLaren,Lando NORRIS,GBR,,,,,,1,3.3333333333333335,3.3333333333333335,0.35299999999999443,-1,,,,,permanent,3.0,
2024,Monte Carlo,Monaco,4,4,70.542,4,McLaren,Lando NORRIS,GBR,21.596499999999995,63.99,0.0,46.318000000000005,0.9795,4,3.0,3.0,0.27200000000000557,2,,,,,permanent,3.0,
2024,Montreal,Canada,4,3,72.021,2,McLaren,Lando NORRIS,GBR,17.797345132743363,73.38053097345133,0.2743362831858407,24.569911504424784,1.169911504424779,2,3.6666666666666665,3.6666666666666665,0.021000000000000796,-1,,,,,permanent,3.0,
2024,Monza,Italy,4,1,79.327,3,McLaren,Lando NORRIS,GBR,33.1015037593985,32.285714285714285,0.0,49.31127819548872,1.518796992481203,3,2.3333333333333335,2.3333333333333335,0.0,-1,,,,,permanent,3.0,
2024,Shanghai,China,4,1,117.94,6,McLaren,Lando NORRIS,GBR,19.765,69.5375,0.0,26.964999999999996,2.5787500000000003,6,3.0,3.0,24.28,-7,,,,,permanent,3.0,
2024,Shanghai,China,4,4,94.165,2,McLaren,Lando NORRIS,GBR,18.63939393939394,66.06060606060606,0.0,29.792727272727273,1.68,2,3.6666666666666665,3.6666666666666665,0.5050000000000097,-4,,,,,permanent,3.0,
2024,Spielberg,Austria,4,2,64.718,20,McLaren,Lando NORRIS,GBR,,,,,,20,3.6666666666666665,3.6666666666666665,0.4040000000000106,-5,,,,,permanent,3.0,
2024,Zandvoort,Netherlands,4,1,69.673,1,McLaren,Lando NORRIS,GBR,19.00588235294118,60.96078431372549,0.0,30.80588235294118,4.568627450980392,1,9.333333333333334,9.333333333333334,0.0,-2,,,,,permanent,3.0,
2023,Baku,Azerbaijan,10,17,106.951,13,Alpine,Pierre GASLY,FRA,22.201219512195127,58.28048780487805,0.024390243902439025,36.83170731707317,0.7304878048780489,13,,,6.7479999999999905,-2,,,,,street,4.0,
2023,Baku,Azerbaijan,10,17,104.853,14,Alpine,Pierre GASLY,FRA,24.860625,49.225,0.0,41.209999999999994,1.083125,14,13.0,13.0,4.6499999999999915,-2,,,,,street,4.0,
2023,Interlagos,Brazil,10,15,70.567,7,Alpine,Pierre GASLY,FRA,,,,,,7,13.5,13.5,0.01999999999999602,1,,,,,permanent,3.0,
2023,Jeddah,Saudi Arabia,10,9,89.357,9,Alpine,Pierre GASLY,FRA,26.09189189189189,57.79054054054054,0.0,31.79256756756757,1.772297297297297,9,11.333333333333334,11.333333333333334,1.0919999999999987,3,,,,,street,5.0,
2023,Melbourne,Australia,10,9,77.675,13,Alpine,Pierre GASLY,FRA,17.449549549549552,54.15765765765766,0.0,30.13963963963964,1.1270270270270266,13,10.0,10.0,0.9429999999999978,-2,,,,,permanent,3.0,
2023,Miami,United States,10,5,87.786,8,Alpine,Pierre GASLY,FRA,27.11741935483871,59.42580645161291,0.0,36.689032258064515,3.970322580645162,8,9.666666666666666,9.666666666666666,0.9450000000000074,-3,,,,,permanent,3.0,
2023,Monte Carlo,Monaco,10,7,71.933,7,Alpine,Pierre GASLY,FRA,25.06590909090909,45.86363636363637,0.14772727272727273,39.25568181818182,1.0056818181818181,7,10.0,10.0,0.568000000000012,4,,,,,permanent,3.0,
2023,Montreal,Canada,10,15,82.886,12,Alpine,Pierre GASLY,FRA,18.530246913580246,63.901234567901234,0.0,30.593209876543206,1.941975308641975,12,9.333333333333334,9.333333333333334,2.271000000000001,9,,,,,permanent,3.0,
2023,Sakhir,Bahrain,10,20,92.181,9,Alpine,Pierre GASLY,FRA,27.43167701863354,21.496894409937887,0.0,31.01180124223602,0.6832298136645961,9,9.0,9.0,2.472999999999999,,,,,,permanent,3.0,
2023,Singapore,Singapore,10,12,92.274,6,Alpine,Pierre GASLY,FRA,29.844318181818185,72.0284090909091,0.0,36.42215909090909,1.4159090909090908,6,9.333333333333334,9.333333333333334,1.2900000000000063,,,,,,street,2.0,
2023,Spielberg,Austria,10,12,66.36,15,Alpine,Pierre GASLY,FRA,16.442268041237117,87.25773195876289,0.35051546391752575,21.11443298969072,0.7752577319587629,15,9.0,9.0,1.968999999999994,4,,,,,permanent,3.0,
2023,Spielberg,Austria,10,9,65.17,10,Alpine,Pierre GASLY,FRA,22.398039215686275,52.04575163398693,0.0196078431372549,32.05424836601307,1.0973856209150326,10,10.0,10.0,0.7789999999999964,1,,,,,permanent,3.0,
2024,Baku,Azerbaijan,10,18,,12,Alpine,Pierre GASLY,FRA,26.70592105263158,38.01973684210526,0.0,44.34934210526316,1.5513157894736842,12,10.333333333333334,10.333333333333334,,-2,,,,,street,4.0,
2024,Catalunya,Spain,10,7,71.857,9,Alpine,Pierre GASLY,FRA,24.132467532467533,63.44155844155844,0.006493506493506494,41.096103896103905,2.1233766233766236,9,12.333333333333334,12.333333333333334,0.47400000000000375,-1,,,,,permanent,3.0,
2024,Imola,Italy,10,15,76.381,16,Alpine,Pierre GASLY,FRA,25.113986013986015,48.42657342657343,0.0,42.023776223776224,2.141258741258741,16,10.333333333333334,10.333333333333334,1.6350000000000051,3,,,,,permanent,3.0,
2024,Miami,United States,10,16,89.185,9,Alpine,Pierre GASLY,FRA,28.698780487804882,56.02439024390244,0.0,44.82682926829268,3.1097560975609757,9,12.333333333333334,12.333333333333334,1.9440000000000026,3,,,,,permanent,3.0,
2024,Miami,United States,10,12,88.324,12,Alpine,Pierre GASLY,FRA,,,,,,12,11.333333333333334,11.333333333333334,1.0829999999999984,-1,,,,,permanent,3.0,
2024,Monte Carlo,Monaco,10,10,71.311,10,Alpine,Pierre GASLY,FRA,21.596499999999995,63.99,0.0,46.318000000000005,0.9795,10,12.333333333333334,12.333333333333334,1.041000000000011,,,,,,permanent,3.0,
2024,Montreal,Canada,10,15,72.94,9,Alpine,Pierre GASLY,FRA,17.797345132743363,73.38053097345133,0.2743362831858407,24.569911504424784,1.169911504424779,9,10.333333333333334,10.333333333333334,0.9399999999999977,-3,,,,,permanent,3.0,
2024,Monza,Italy,10,14,80.738,15,Alpine,Pierre GASLY,FRA,33.1015037593985,32.285714285714285,0.0,49.31127819548872,1.518796992481203,15,10.333333333333334,10.333333333333334,1.4110000000000014,-1,,,,,permanent,3.0,
2024,Shanghai,China,10,16,97.632,15,Alpine,Pierre GASLY,FRA,19.765,69.5375,0.0,26.964999999999996,2.5787500000000003,15,11.333333333333334,11.333333333333334,3.9720000000000084,-1,,,,,permanent,3.0,
2024,Shanghai,China,10,15,95.463,13,Alpine,Pierre GASLY,FRA,18.63939393939394,66.06060606060606,0.0,29.792727272727273,1.68,13,13.0,13.0,1.8029999999999973,-2,,,,,permanent,3.0,
2024,Spielberg,Austria,10,13,65.359,10,Alpine,Pierre GASLY,FRA,,,,,,10,14.333333333333334,14.333333333333334,1.0450000000000017,3,,,,,permanent,3.0,
2024,Zandvoort,Netherlands,10,9,70.977,9,Alpine,Pierre GASLY,FRA,19.00588235294118,60.96078431372549,0.0,30.80588235294118,4.568627450980392,9,12.666666666666666,12.666666666666666,1.304000000000002,-6,,,,,permanent,3.0,
2023,Baku,Azerbaijan,11,2,101.844,1,Red Bull Racing,Sergio PEREZ,MEX,22.201219512195127,58.28048780487805,0.024390243902439025,36.83170731707317,0.7304878048780489,1,,2.6666666666666665,1.6409999999999911,-1,,,,,street,4.0,
2023,Baku,Azerbaijan,11,3,100.495,1,Red Bull Racing,Sergio PEREZ,MEX,24.860625,49.225,0.0,41.209999999999994,1.083125,1,1.0,2.6666666666666665,0.2920000000000016,0,,,,,street,4.0,
2023,Interlagos,Brazil,11,9,72.321,4,Red Bull Racing,Sergio PEREZ,MEX,,,,,,4,1.0,1.3333333333333333,1.774000000000001,8,,,,,permanent,3.0,
2023,Jeddah,Saudi Arabia,11,1,88.265,1,Red Bull Racing,Sergio PEREZ,MEX,26.09189189189189,57.79054054054054,0.0,31.79256756756757,1.772297297297297,1,2.0,2.0,0.0,-14,,,,,street,5.0,
2023,Miami,United States,11,1,86.841,2,Red Bull Racing,Sergio PEREZ,MEX,27.11741935483871,59.42580645161291,0.0,36.689032258064515,3.970322580645162,2,2.0,2.0,0.0,-8,,,,,permanent,3.0,
2023,Monte Carlo,Monaco,11,20,73.85,16,Red Bull Racing,Sergio PEREZ,MEX,25.06590909090909,45.86363636363637,0.14772727272727273,39.25568181818182,1.0056818181818181,16,2.3333333333333335,2.3333333333333335,2.4849999999999994,19,,,,,permanent,3.0,
2023,Montreal,Canada,11,12,80.959,6,Red Bull Racing,Sergio PEREZ,MEX,18.530246913580246,63.901234567901234,0.0,30.593209876543206,1.941975308641975,6,6.333333333333333,6.333333333333333,0.3440000000000083,11,,,,,permanent,3.0,
2023,Sakhir,Bahrain,11,2,89.846,2,Red Bull Racing,Sergio PEREZ,MEX,27.43167701863354,21.496894409937887,0.0,31.01180124223602,0.6832298136645961,2,8.0,8.0,0.13800000000000523,1,,,,,permanent,3.0,
2023,Singapore,Singapore,11,13,92.31,8,Red Bull Racing,Sergio PEREZ,MEX,29.844318181818185,72.0284090909091,0.0,36.42215909090909,1.4159090909090908,8,8.0,8.0,1.3260000000000076,2,,,,,street,2.0,
2023,Spielberg,Austria,11,2,64.933,2,Red Bull Racing,Sergio PEREZ,MEX,16.442268041237117,87.25773195876289,0.35051546391752575,21.11443298969072,0.7752577319587629,2,5.333333333333333,5.333333333333333,0.5420000000000016,1,,,,,permanent,3.0,
2023,Spielberg,Austria,11,15,126.688,3,Red Bull Racing,Sergio PEREZ,MEX,22.398039215686275,52.04575163398693,0.0196078431372549,32.05424836601307,1.0973856209150326,3,4.0,4.0,62.297,14,,,,,permanent,3.0,
2024,Baku,Azerbaijan,11,4,101.813,17,Red Bull Racing,Sergio PEREZ,MEX,26.70592105263158,38.01973684210526,0.0,44.34934210526316,1.5513157894736842,17,4.333333333333333,4.333333333333333,0.4480000000000075,-2,,,,,street,4.0,
2024,Catalunya,Spain,11,11,72.061,8,Red Bull Racing,Sergio PEREZ,MEX,24.132467532467533,63.44155844155844,0.006493506493506494,41.096103896103905,2.1233766233766236,8,7.333333333333333,7.333333333333333,0.6780000000000115,9,,,,,permanent,3.0,
2024,Imola,Italy,11,11,75.706,8,Red Bull Racing,Sergio PEREZ,MEX,25.113986013986015,48.42657342657343,0.0,42.023776223776224,2.141258741258741,8,9.333333333333334,9.333333333333334,0.960000000000008,10,,,,,permanent,3.0,
2024,Las Vegas,United States,11,15,94.155,10,Red Bull Racing,Sergio PEREZ,MEX,,,,,,10,11.0,11.0,1.8430000000000035,10,,,,,permanent,3.0,
2024,Miami,United States,11,3,87.876,3,Red Bull Racing,Sergio PEREZ,MEX,28.698780487804882,56.02439024390244,0.0,44.82682926829268,3.1097560975609757,3,8.666666666666666,8.666666666666666,0.6350000000000051,2,,,,,permanent,3.0,
2024,Miami,United States,11,4,87.46,4,Red Bull Racing,Sergio PEREZ,MEX,,,,,,4,7.0,7.0,0.2189999999999941,3,,,,,permanent,3.0,
2024,Monza,Italy,11,8,80.062,8,Red Bull Racing,Sergio PEREZ,MEX,33.1015037593985,32.285714285714285,0.0,49.31127819548872,1.518796992481203,8,5.666666666666667,5.666666666666667,0.7349999999999994,1,,,,,permanent,3.0,
2024,Shanghai,China,11,6,120.375,3,Red Bull Racing,Sergio PEREZ,MEX,19.765,69.5375,0.0,26.964999999999996,2.5787500000000003,3,5.0,5.0,26.715000000000003,2,,,,,permanent,3.0,
2024,Shanghai,China,11,2,93.982,3,Red Bull Racing,Sergio PEREZ,MEX,18.63939393939394,66.06060606060606,0.0,29.792727272727273,1.68,3,5.0,5.0,0.32200000000000273,-2,,,,,permanent,3.0,
2024,Spielberg,Austria,11,8,65.202,7,Red Bull Racing,Sergio PEREZ,MEX,,,,,,7,4.666666666666667,4.666666666666667,0.8880000000000052,7,,,,,permanent,3.0,
2024,Zandvoort,Netherlands,11,5,70.416,6,Red Bull Racing,Sergio PEREZ,MEX,19.00588235294118,60.96078431372549,0.0,30.80588235294118,4.568627450980392,6,4.333333333333333,4.333333333333333,0.742999999999995,3,,,,,permanent,3.0,
2023,Baku,Azerbaijan,14,8,103.01,6,Aston Martin,Fernando ALONSO,ESP,22.201219512195127,58.28048780487805,0.024390243902439025,36.83170731707317,0.7304878048780489,6,,,2.807000000000002,-1,,,,,street,4.0,
2023,Baku,Azerbaijan,14,6,101.253,4,Aston Martin,Fernando ALONSO,ESP,24.860625,49.225,0.0,41.209999999999994,1.083125,4,6.0,6.0,1.0499999999999972,-3,,,,,street,4.0,
2023,Interlagos,Brazil,14,4,71.387,3,Aston Martin,Fernando ALONSO,ESP,,,,,,3,5.0,5.0,0.8400000000000034,1,,,,,permanent,3.0,
2023,Jeddah,Saudi Arabia,14,2,88.73,3,Aston Martin,Fernando ALONSO,ESP,26.09189189189189,57.79054054054054,0.0,31.79256756756757,1.772297297297297,3,4.333333333333333,4.333333333333333,0.4650000000000034,,,,,,street,5.0,
2023,Melbourne,Australia,14,4,77.139,3,Aston Martin,Fernando ALONSO,ESP,17.449549549549552,54.15765765765766,0.0,30.13963963963964,1.1270270270270266,3,3.3333333333333335,3.3333333333333335,0.4069999999999965,-2,,,,,permanent,3.0,
2023,Miami,United States,14,2,87.202,3,Aston Martin,Fernando ALONSO,ESP,27.11741935483871,59.42580645161291,0.0,36.689032258064515,3.970322580645162,3,3.0,3.0,0.3610000000000042,-16,,,,,permanent,3.0,
2023,Monte Carlo,Monaco,14,2,71.449,2,Aston Martin,Fernando ALONSO,ESP,25.06590909090909,45.86363636363637,0.14772727272727273,39.25568181818182,1.0056818181818181,2,3.0,3.0,0.08400000000000318,,,,,,permanent,3.0,
2023,Montreal,Canada,14,2,87.286,2,Aston Martin,Fernando ALONSO,ESP,18.530246913580246,63.901234567901234,0.0,30.593209876543206,1.941975308641975,2,2.6666666666666665,2.6666666666666665,6.6710000000000065,-14,,,,,permanent,3.0,
2023,Sakhir,Bahrain,14,5,90.336,3,Aston Martin,Fernando ALONSO,ESP,27.43167701863354,21.496894409937887,0.0,31.01180124223602,0.6832298136645961,3,2.3333333333333335,2.3333333333333335,0.6280000000000001,-3,,,,,permanent,3.0,
2023,Singapore,Singapore,14,7,91.615,15,Aston Martin,Fernando ALONSO,ESP,29.844318181818185,72.0284090909091,0.0,36.42215909090909,1.4159090909090908,15,2.3333333333333335,2.3333333333333335,0.6310000000000002,,,,,,street,2.0,
2023,Spielberg,Austria,14,6,65.258,5,Aston Martin,Fernando ALONSO,ESP,16.442268041237117,87.25773195876289,0.35051546391752575,21.11443298969072,0.7752577319587629,5,6.666666666666667,6.666666666666667,0.8669999999999902,-1,,,,,permanent,3.0,
2023,Spielberg,Austria,14,7,64.911,5,Aston Martin,Fernando ALONSO,ESP,22.398039215686275,52.04575163398693,0.0196078431372549,32.05424836601307,1.0973856209150326,5,7.666666666666667,7.666666666666667,0.519999999999996,0,,,,,permanent,3.0,
2024,Baku,Azerbaijan,14,7,102.369,6,Aston Martin,Fernando ALONSO,ESP,26.70592105263158,38.01973684210526,0.0,44.34934210526316,1.5513157894736842,6,8.333333333333334,8.333333333333334,1.0040000000000049,-6,,,,,street,4.0,
2024,Catalunya,Spain,14,10,72.128,12,Aston Martin,Fernando ALONSO,ESP,24.132467532467533,63.44155844155844,0.006493506493506494,41.096103896103905,2.1233766233766236,12,5.333333333333333,5.333333333333333,0.7450000000000045,-4,,,,,permanent,3.0,
2024,Imola,Italy,14,20,76.917,19,Aston Martin,Fernando ALONSO,ESP,25.113986013986015,48.42657342657343,0.0,42.023776223776224,2.141258741258741,19,7.666666666666667,7.666666666666667,2.1710000000000065,7,,,,,permanent,3.0,
2024,Las Vegas,United States,14,16,94.258,11,Aston Martin,Fernando ALONSO,ESP,,,,,,11,12.333333333333334,12.333333333333334,1.945999999999998,-2,,,,,permanent,3.0,
2024,Miami,United States,14,8,88.419,17,Aston Martin,Fernando ALONSO,ESP,28.698780487804882,56.02439024390244,0.0,44.82682926829268,3.1097560975609757,17,14.0,14.0,1.1779999999999973,-3,,,,,permanent,3.0,
2024,Miami,United States,14,15,88.427,9,Aston Martin,Fernando ALONSO,ESP,,,,,,9,15.666666666666666,15.666666666666666,1.186000000000007,4,,,,,permanent,3.0,
2024,Monte Carlo,Monaco,14,14,72.019,11,Aston Martin,Fernando ALONSO,ESP,21.596499999999995,63.99,0.0,46.318000000000005,0.9795,11,12.333333333333334,12.333333333333334,1.7490000000000094,1,,,,,permanent,3.0,
2024,Montreal,Canada,14,6,72.228,6,Aston Martin,Fernando ALONSO,ESP,17.797345132743363,73.38053097345133,0.2743362831858407,24.569911504424784,1.169911504424779,6,12.333333333333334,12.333333333333334,0.22799999999999443,-3,,,,,permanent,3.0,
2024,Monza,Italy,14,11,80.421,11,Aston Martin,Fernando ALONSO,ESP,33.1015037593985,32.285714285714285,0.0,49.31127819548872,1.518796992481203,11,8.666666666666666,8.666666666666666,1.0940000000000083,-6,,,,,permanent,3.0,
2024,Shanghai,China,14,3,119.915,20,Aston Martin,Fernando ALONSO,ESP,19.765,69.5375,0.0,26.964999999999996,2.5787500000000003,20,9.333333333333334,9.333333333333334,26.25500000000001,-12,,,,,permanent,3.0,
2024,Shanghai,China,14,3,94.148,7,Aston Martin,Fernando ALONSO,ESP,18.63939393939394,66.06060606060606,0.0,29.792727272727273,1.68,7,12.333333333333334,12.333333333333334,0.48799999999999955,-12,,,,,permanent,3.0,
2024,Spielberg,Austria,14,15,65.639,18,Aston Martin,Fernando ALONSO,ESP,,,,,,18,12.666666666666666,12.666666666666666,1.3250000000000028,-2,,,,,permanent,3.0,
2024,Zandvoort,Netherlands,14,7,70.633,10,Aston Martin,Fernando ALONSO,ESP,19.00588235294118,60.96078431372549,0.0,30.80588235294118,4.568627450980392,10,15.0,15.0,0.9599999999999937,-1,,,,,permanent,3.0,
2023,Baku,Azerbaijan,16,1,101.697,2,Ferrari,Charles LECLERC,MON,22.201219512195127,58.28048780487805,0.024390243902439025,36.83170731707317,0.7304878048780489,2,,,1.4939999999999998,-4,,,,,street,4.0,
2023,Baku,Azerbaijan,16,1,100.203,3,Ferrari,Charles LECLERC,MON,24.860625,49.225,0.0,41.209999999999994,1.083125,3,2.0,2.0,0.0,-4,,,,,street,4.0,
2023,Jeddah,Saudi Arabia,16,12,88.42,7,Ferrari,Charles LECLERC,MON,26.09189189189189,57.79054054054054,0.0,31.79256756756757,1.772297297297297,7,2.5,2.5,0.15500000000000114,8,,,,,street,5.0,
2023,Miami,United States,16,7,87.861,7,Ferrari,Charles LECLERC,MON,27.11741935483871,59.42580645161291,0.0,36.689032258064515,3.970322580645162,7,4.0,4.0,1.0200000000000102,4,,,,,permanent,3.0,
2023,Monte Carlo,Monaco,16,6,71.471,6,Ferrari,Charles LECLERC,MON,25.06590909090909,45.86363636363637,0.14772727272727273,39.25568181818182,1.0056818181818181,6,5.666666666666667,5.666666666666667,0.10600000000000875,2,,,,,permanent,3.0,
2023,Montreal,Canada,16,10,80.615,4,Ferrari,Charles LECLERC,MON,18.530246913580246,63.901234567901234,0.0,30.593209876543206,1.941975308641975,4,6.666666666666667,6.666666666666667,0.0,-1,,,,,permanent,3.0,
2023,Singapore,Singapore,16,3,91.063,4,Ferrari,Charles LECLERC,MON,29.844318181818185,72.0284090909091,0.0,36.42215909090909,1.4159090909090908,4,5.666666666666667,5.666666666666667,0.07900000000000773,2,,,,,street,2.0,
2023,Spielberg,Austria,16,9,65.245,12,Ferrari,Charles LECLERC,MON,16.442268041237117,87.25773195876289,0.35051546391752575,21.11443298969072,0.7752577319587629,12,4.666666666666667,4.666666666666667,0.8539999999999992,4,,,,,permanent,3.0,
2023,Spielberg,Austria,16,2,64.439,2,Ferrari,Charles LECLERC,MON,22.398039215686275,52.04575163398693,0.0196078431372549,32.05424836601307,1.0973856209150326,2,6.666666666666667,6.666666666666667,0.04799999999998761,-3,,,,,permanent,3.0,
2024,Baku,Azerbaijan,16,1,101.365,2,Ferrari,Charles LECLERC,MON,26.70592105263158,38.01973684210526,0.0,44.34934210526316,1.5513157894736842,2,6.0,6.0,0.0,-2,,,,,street,4.0,
2024,Catalunya,Spain,16,5,71.731,5,Ferrari,Charles LECLERC,MON,24.132467532467533,63.44155844155844,0.006493506493506494,41.096103896103905,2.1233766233766236,5,5.333333333333333,5.333333333333333,0.347999999999999,-1,,,,,permanent,3.0,
2024,Imola,Italy,16,3,74.97,3,Ferrari,Charles LECLERC,MON,25.113986013986015,48.42657342657343,0.0,42.023776223776224,2.141258741258741,3,3.0,3.0,0.22400000000000375,-1,,,,,permanent,3.0,
2024,Las Vegas,United States,16,4,92.783,4,Ferrari,Charles LECLERC,MON,,,,,,4,3.3333333333333335,3.3333333333333335,0.47100000000000364,2,,,,,permanent,3.0,
2024,Miami,United States,16,2,87.749,2,Ferrari,Charles LECLERC,MON,28.698780487804882,56.02439024390244,0.0,44.82682926829268,3.1097560975609757,2,4.0,4.0,0.5079999999999956,-3,,,,,permanent,3.0,
2024,Miami,United States,16,2,87.382,3,Ferrari,Charles LECLERC,MON,,,,,,3,3.0,3.0,0.14100000000000534,-3,,,,,permanent,3.0,
2024,Monte Carlo,Monaco,16,1,70.27,1,Ferrari,Charles LECLERC,MON,21.596499999999995,63.99,0.0,46.318000000000005,0.9795,1,3.0,3.0,0.0,-2,,,,,permanent,3.0,
2024,Monza,Italy,16,4,79.461,1,Ferrari,Charles LECLERC,MON,33.1015037593985,32.285714285714285,0.0,49.31127819548872,1.518796992481203,1,2.0,2.0,0.13400000000000034,-1,,,,,permanent,3.0,
2024,Shanghai,China,16,7,120.566,4,Ferrari,Charles LECLERC,MON,19.765,69.5375,0.0,26.964999999999996,2.5787500000000003,4,1.6666666666666667,1.6666666666666667,26.906000000000006,2,,,,,permanent,3.0,
2024,Shanghai,China,16,6,94.289,4,Ferrari,Charles LECLERC,MON,18.63939393939394,66.06060606060606,0.0,29.792727272727273,1.68,4,2.0,2.0,0.6290000000000049,1,,,,,permanent,3.0,
2024,Spielberg,Austria,16,6,65.044,11,Ferrari,Charles LECLERC,MON,,,,,,11,3.0,3.0,0.730000000000004,2,,,,,permanent,3.0,
2024,Zandvoort,Netherlands,16,6,70.582,3,Ferrari,Charles LECLERC,MON,19.00588235294118,60.96078431372549,0.0,30.80588235294118,4.568627450980392,3,6.333333333333333,6.333333333333333,0.9089999999999918,-4,,,,,permanent,3.0,
2023,Baku,Azerbaijan,18,9,103.064,8,Aston Martin,Lance STROLL,CAN,22.201219512195127,58.28048780487805,0.024390243902439025,36.83170731707317,0.7304878048780489,8,,11.666666666666666,2.86099999999999,1,,,,,street,4.0,
2023,Baku,Azerbaijan,18,9,101.611,7,Aston Martin,Lance STROLL,CAN,24.860625,49.225,0.0,41.209999999999994,1.083125,7,8.0,12.0,1.4080000000000013,1,,,,,street,4.0,
2023,Interlagos,Brazil,18,3,71.344,5,Aston Martin,Lance STROLL,CAN,,,,,,5,7.5,8.333333333333334,0.796999999999997,-1,,,,,permanent,3.0,
2023,Melbourne,Australia,18,6,77.308,4,Aston Martin,Lance STROLL,CAN,17.449549549549552,54.15765765765766,0.0,30.13963963963964,1.1270270270270266,4,6.666666666666667,6.666666666666667,0.5760000000000076,2,,,,,permanent,3.0,
2023,Miami,United States,18,18,88.476,12,Aston Martin,Lance STROLL,CAN,27.11741935483871,59.42580645161291,0.0,36.689032258064515,3.970322580645162,12,5.333333333333333,5.333333333333333,1.6350000000000051,16,,,,,permanent,3.0,
2023,Montreal,Canada,18,16,81.484,9,Aston Martin,Lance STROLL,CAN,18.530246913580246,63.901234567901234,0.0,30.593209876543206,1.941975308641975,9,7.0,7.0,0.8689999999999998,14,,,,,permanent,3.0,
2023,Sakhir,Bahrain,18,8,90.836,6,Aston Martin,Lance STROLL,CAN,27.43167701863354,21.496894409937887,0.0,31.01180124223602,0.6832298136645961,6,8.333333333333334,8.333333333333334,1.1280000000000001,3,,,,,permanent,3.0,
2023,Spielberg,Austria,18,7,65.347,4,Aston Martin,Lance STROLL,CAN,16.442268041237117,87.25773195876289,0.35051546391752575,21.11443298969072,0.7752577319587629,4,9.0,9.0,0.9559999999999889,1,,,,,permanent,3.0,
2023,Spielberg,Austria,18,6,64.893,9,Aston Martin,Lance STROLL,CAN,22.398039215686275,52.04575163398693,0.0196078431372549,32.05424836601307,1.0973856209150326,9,6.333333333333333,6.333333333333333,0.5019999999999953,0,,,,,permanent,3.0,
2024,Baku,Azerbaijan,18,13,103.404,19,Aston Martin,Lance STROLL,CAN,26.70592105263158,38.01973684210526,0.0,44.34934210526316,1.5513157894736842,19,6.333333333333333,6.333333333333333,2.0390000000000015,6,,,,,street,4.0,
2024,Catalunya,Spain,18,14,72.372,14,Aston Martin,Lance STROLL,CAN,24.132467532467533,63.44155844155844,0.006493506493506494,41.096103896103905,2.1233766233766236,14,10.666666666666666,10.666666666666666,0.9890000000000043,4,,,,,permanent,3.0,
2024,Imola,Italy,18,13,75.992,9,Aston Martin,Lance STROLL,CAN,25.113986013986015,48.42657342657343,0.0,42.023776223776224,2.141258741258741,9,14.0,14.0,1.2460000000000093,-7,,,,,permanent,3.0,
2024,Las Vegas,United States,18,18,94.484,15,Aston Martin,Lance STROLL,CAN,,,,,,15,14.0,14.0,2.171999999999997,2,,,,,permanent,3.0,
2024,Miami,United States,18,11,88.222,17,Aston Martin,Lance STROLL,CAN,,,,,,17,12.666666666666666,12.666666666666666,0.9809999999999945,3,,,,,permanent,3.0,
2024,Monte Carlo,Monaco,18,13,71.563,14,Aston Martin,Lance STROLL,CAN,21.596499999999995,63.99,0.0,46.318000000000005,0.9795,14,13.666666666666666,13.666666666666666,1.2930000000000064,-1,,,,,permanent,3.0,
2024,Montreal,Canada,18,9,72.701,7,Aston Martin,Lance STROLL,CAN,17.797345132743363,73.38053097345133,0.2743362831858407,24.569911504424784,1.169911504424779,7,15.333333333333334,15.333333333333334,0.7009999999999934,3,,,,,permanent,3.0,
2024,Monza,Italy,18,17,81.013,19,Aston Martin,Lance STROLL,CAN,33.1015037593985,32.285714285714285,0.0,49.31127819548872,1.518796992481203,19,12.666666666666666,12.666666666666666,1.686000000000007,6,,,,,permanent,3.0,
2024,Shanghai,China,18,15,96.677,14,Aston Martin,Lance STROLL,CAN,19.765,69.5375,0.0,26.964999999999996,2.5787500000000003,14,13.333333333333334,13.333333333333334,3.01700000000001,12,,,,,permanent,3.0,
2024,Shanghai,China,18,11,94.838,15,Aston Martin,Lance STROLL,CAN,18.63939393939394,66.06060606060606,0.0,29.792727272727273,1.68,15,13.333333333333334,13.333333333333334,1.1779999999999973,8,,,,,permanent,3.0,
2024,Spielberg,Austria,18,17,65.819,13,Aston Martin,Lance STROLL,CAN,,,,,,13,16.0,16.0,1.5050000000000097,2,,,,,permanent,3.0,
2024,Zandvoort,Netherlands,18,8,70.857,13,Aston Martin,Lance STROLL,CAN,19.00588235294118,60.96078431372549,0.0,30.80588235294118,4.568627450980392,13,14.0,14.0,1.1839999999999975,1,,,,,permanent,3.0,
2023,Baku,Azerbaijan,20,13,104.332,11,Haas F1 Team,Kevin MAGNUSSEN,DEN,22.201219512195127,58.28048780487805,0.024390243902439025,36.83170731707317,0.7304878048780489,11,,,4.128999999999991,1,,,,,street,4.0,
2023,Baku,Azerbaijan,20,16,103.417,13,Haas F1 Team,Kevin MAGNUSSEN,DEN,24.860625,49.225,0.0,41.209999999999994,1.083125,13,11.0,11.0,3.2139999999999986,4,,,,,street,4.0,
2023,Jeddah,Saudi Arabia,20,13,89.634,10,Haas F1 Team,Kevin MAGNUSSEN,DEN,26.09189189189189,57.79054054054054,0.0,31.79256756756757,1.772297297297297,10,12.0,12.0,1.3689999999999998,3,,,,,street,5.0,
2023,Melbourne,Australia,20,14,78.129,17,Haas F1 Team,Kevin MAGNUSSEN,DEN,17.449549549549552,54.15765765765766,0.0,30.13963963963964,1.1270270270270266,17,11.333333333333334,11.333333333333334,1.3970000000000056,4,,,,,permanent,3.0,
2023,Miami,United States,20,4,87.767,10,Haas F1 Team,Kevin MAGNUSSEN,DEN,27.11741935483871,59.42580645161291,0.0,36.689032258064515,3.970322580645162,10,13.333333333333334,13.333333333333334,0.9260000000000019,-8,,,,,permanent,3.0,
2023,Monte Carlo,Monaco,20,17,73.27,19,Haas F1 Team,Kevin MAGNUSSEN,DEN,25.06590909090909,45.86363636363637,0.14772727272727273,39.25568181818182,1.0056818181818181,19,12.333333333333334,12.333333333333334,1.9050000000000011,-1,,,,,permanent,3.0,
2023,Montreal,Canada,20,13,81.678,17,Haas F1 Team,Kevin MAGNUSSEN,DEN,18.530246913580246,63.901234567901234,0.0,30.593209876543206,1.941975308641975,17,15.333333333333334,15.333333333333334,1.0630000000000024,8,,,,,permanent,3.0,
2023,Sakhir,Bahrain,20,17,91.892,13,Haas F1 Team,Kevin MAGNUSSEN,DEN,27.43167701863354,21.496894409937887,0.0,31.01180124223602,0.6832298136645961,13,15.333333333333334,15.333333333333334,2.1839999999999975,7,,,,,permanent,3.0,
2023,Singapore,Singapore,20,6,91.575,10,Haas F1 Team,Kevin MAGNUSSEN,DEN,29.844318181818185,72.0284090909091,0.0,36.42215909090909,1.4159090909090908,10,16.333333333333332,16.333333333333332,0.5910000000000082,-3,,,,,street,2.0,
2023,Spielberg,Austria,20,10,65.912,14,Haas F1 Team,Kevin MAGNUSSEN,DEN,16.442268041237117,87.25773195876289,0.35051546391752575,21.11443298969072,0.7752577319587629,14,13.333333333333334,13.333333333333334,1.5210000000000008,6,,,,,permanent,3.0,
2023,Spielberg,Austria,20,19,65.971,18,Haas F1 Team,Kevin MAGNUSSEN,DEN,22.398039215686275,52.04575163398693,0.0196078431372549,32.05424836601307,1.0973856209150326,18,12.333333333333334,12.333333333333334,1.5799999999999983,15,,,,,permanent,3.0,
2024,Catalunya,Spain,20,16,72.937,17,Haas F1 Team,Kevin MAGNUSSEN,DEN,24.132467532467533,63.44155844155844,0.006493506493506494,41.096103896103905,2.1233766233766236,17,14.0,14.0,1.554000000000002,3,,,,,permanent,3.0,
2024,Imola,Italy,20,18,76.854,12,Haas F1 Team,Kevin MAGNUSSEN,DEN,25.113986013986015,48.42657342657343,0.0,42.023776223776224,2.141258741258741,12,16.333333333333332,16.333333333333332,2.108000000000004,8,,,,,permanent,3.0,
2024,Las Vegas,United States,20,12,93.297,12,Haas F1 Team,Kevin MAGNUSSEN,DEN,,,,,,12,15.666666666666666,15.666666666666666,0.9849999999999994,3,,,,,permanent,3.0,
2024,Miami,United States,20,14,88.614,18,Haas F1 Team,Kevin MAGNUSSEN,DEN,28.698780487804882,56.02439024390244,0.0,44.82682926829268,3.1097560975609757,18,13.666666666666666,13.666666666666666,1.3730000000000047,4,,,,,permanent,3.0,
2024,Miami,United States,20,18,88.619,19,Haas F1 Team,Kevin MAGNUSSEN,DEN,,,,,,19,14.0,14.0,1.3780000000000001,8,,,,,permanent,3.0,
2024,Montreal,Canada,20,14,72.916,12,Haas F1 Team,Kevin MAGNUSSEN,DEN,17.797345132743363,73.38053097345133,0.2743362831858407,24.569911504424784,1.169911504424779,12,16.333333333333332,16.333333333333332,0.9159999999999968,-3,,,,,permanent,3.0,
2024,Monza,Italy,20,13,80.698,10,Haas F1 Team,Kevin MAGNUSSEN,DEN,33.1015037593985,32.285714285714285,0.0,49.31127819548872,1.518796992481203,10,16.333333333333332,16.333333333333332,1.3709999999999951,3,,,,,permanent,3.0,
2024,Shanghai,China,20,12,96.473,10,Haas F1 Team,Kevin MAGNUSSEN,DEN,19.765,69.5375,0.0,26.964999999999996,2.5787500000000003,10,13.666666666666666,13.666666666666666,2.8130000000000024,-1,,,,,permanent,3.0,
2024,Shanghai,China,20,17,95.516,16,Haas F1 Team,Kevin MAGNUSSEN,DEN,18.63939393939394,66.06060606060606,0.0,29.792727272727273,1.68,16,10.666666666666666,10.666666666666666,1.8560000000000088,4,,,,,permanent,3.0,
2024,Spielberg,Austria,20,12,65.347,8,Haas F1 Team,Kevin MAGNUSSEN,DEN,,,,,,8,12.0,12.0,1.0330000000000013,3,,,,,permanent,3.0,
2024,Zandvoort,Netherlands,20,20,71.295,18,Haas F1 Team,Kevin MAGNUSSEN,DEN,19.00588235294118,60.96078431372549,0.0,30.80588235294118,4.568627450980392,18,11.333333333333334,11.333333333333334,1.6219999999999999,8,,,,,permanent,3.0,
2023,Baku,Azerbaijan,21,18,108.18,14,AlphaTauri,Nyck DE VRIES,NED,22.201219512195127,58.28048780487805,0.024390243902439025,36.83170731707317,0.7304878048780489,14,,13.0,7.977000000000004,10,,,,,street,4.0,
2023,Jeddah,Saudi Arabia,21,18,90.244,14,AlphaTauri,Nyck DE VRIES,NED,26.09189189189189,57.79054054054054,0.0,31.79256756756757,1.772297297297297,14,14.0,13.5,1.9789999999999992,2,,,,,street,5.0,
2023,Melbourne,Australia,21,15,78.335,15,AlphaTauri,Nyck DE VRIES,NED,17.449549549549552,54.15765765765766,0.0,30.13963963963964,1.1270270270270266,15,14.0,13.666666666666666,1.6029999999999944,3,,,,,permanent,3.0,
2023,Miami,United States,21,15,88.395,18,AlphaTauri,Nyck DE VRIES,NED,27.11741935483871,59.42580645161291,0.0,36.689032258064515,3.970322580645162,18,14.333333333333334,14.333333333333334,1.554000000000002,-2,,,,,permanent,3.0,
2023,Monte Carlo,Monaco,21,12,72.428,12,AlphaTauri,Nyck DE VRIES,NED,25.06590909090909,45.86363636363637,0.14772727272727273,39.25568181818182,1.0056818181818181,12,15.666666666666666,15.666666666666666,1.0630000000000024,3,,,,,permanent,3.0,
2023,Montreal,Canada,21,17,83.137,18,AlphaTauri,Nyck DE VRIES,NED,18.530246913580246,63.901234567901234,0.0,30.593209876543206,1.941975308641975,18,15.0,15.0,2.5220000000000056,-2,,,,,permanent,3.0,
2023,Sakhir,Bahrain,21,19,92.121,14,AlphaTauri,Nyck DE VRIES,NED,27.43167701863354,21.496894409937887,0.0,31.01180124223602,0.6832298136645961,14,16.0,16.0,2.4129999999999967,5,,,,,permanent,3.0,
2023,Spielberg,Austria,21,14,66.593,17,AlphaTauri,Nyck DE VRIES,NED,16.442268041237117,87.25773195876289,0.35051546391752575,21.11443298969072,0.7752577319587629,17,14.666666666666666,14.666666666666666,2.201999999999998,1,,,,,permanent,3.0,
2023,Spielberg,Austria,21,20,65.974,17,AlphaTauri,Nyck DE VRIES,NED,22.398039215686275,52.04575163398693,0.0196078431372549,32.05424836601307,1.0973856209150326,17,16.333333333333332,16.333333333333332,1.5829999999999984,7,,,,,permanent,3.0,
2023,Baku,Azerbaijan,22,8,101.581,10,AlphaTauri,Yuki TSUNODA,JPN,24.860625,49.225,0.0,41.209999999999994,1.083125,10,,16.0,1.3780000000000001,-10,,,,,street,4.0,
2023,Interlagos,Brazil,22,16,70.837,9,AlphaTauri,Yuki TSUNODA,JPN,,,,,,9,10.0,14.666666666666666,0.29000000000000625,-1,,,,,permanent,3.0,
2023,Jeddah,Saudi Arabia,22,16,89.939,11,AlphaTauri,Yuki TSUNODA,JPN,26.09189189189189,57.79054054054054,0.0,31.79256756756757,1.772297297297297,11,9.5,12.0,1.6739999999999924,-2,,,,,street,5.0,
2023,Melbourne,Australia,22,12,78.099,10,AlphaTauri,Yuki TSUNODA,JPN,17.449549549549552,54.15765765765766,0.0,30.13963963963964,1.1270270270270266,10,10.0,10.0,1.3670000000000044,-3,,,,,permanent,3.0,
2023,Miami,United States,22,17,88.429,11,AlphaTauri,Yuki TSUNODA,JPN,27.11741935483871,59.42580645161291,0.0,36.689032258064515,3.970322580645162,11,10.0,10.0,1.588000000000008,2,,,,,permanent,3.0,
2023,Monte Carlo,Monaco,22,9,72.082,15,AlphaTauri,Yuki TSUNODA,JPN,25.06590909090909,45.86363636363637,0.14772727272727273,39.25568181818182,1.0056818181818181,15,10.666666666666666,10.666666666666666,0.7169999999999987,-3,,,,,permanent,3.0,
2023,Montreal,Canada,22,19,82.746,14,AlphaTauri,Yuki TSUNODA,JPN,18.530246913580246,63.901234567901234,0.0,30.593209876543206,1.941975308641975,14,12.0,12.0,2.1310000000000002,2,,,,,permanent,3.0,
2023,Sakhir,Bahrain,22,14,92.51,11,AlphaTauri,Yuki TSUNODA,JPN,27.43167701863354,21.496894409937887,0.0,31.01180124223602,0.6832298136645961,11,13.333333333333334,13.333333333333334,2.8020000000000067,-5,,,,,permanent,3.0,
2023,Spielberg,Austria,22,13,66.369,16,AlphaTauri,Yuki TSUNODA,JPN,16.442268041237117,87.25773195876289,0.35051546391752575,21.11443298969072,0.7752577319587629,16,13.333333333333334,13.333333333333334,1.9779999999999944,-1,,,,,permanent,3.0,
2023,Spielberg,Austria,22,16,65.784,19,AlphaTauri,Yuki TSUNODA,JPN,22.398039215686275,52.04575163398693,0.0196078431372549,32.05424836601307,1.0973856209150326,19,13.666666666666666,13.666666666666666,1.3930000000000007,2,,,,,permanent,3.0,
2024,Catalunya,Spain,22,17,72.985,19,RB,Yuki TSUNODA,JPN,24.132467532467533,63.44155844155844,0.006493506493506494,41.096103896103905,2.1233766233766236,19,15.333333333333334,10.666666666666666,1.6020000000000039,-1,,,,,permanent,3.0,
2024,Imola,Italy,22,7,75.465,10,RB,Yuki TSUNODA,JPN,25.113986013986015,48.42657342657343,0.0,42.023776223776224,2.141258741258741,10,18.0,13.333333333333334,0.7190000000000083,-2,,,,,permanent,3.0,
2024,Las Vegas,United States,22,7,93.029,9,RB,Yuki TSUNODA,JPN,,,,,,9,16.0,13.666666666666666,0.7169999999999987,-7,,,,,permanent,3.0,
2024,Miami,United States,22,15,,8,RB,Yuki TSUNODA,JPN,28.698780487804882,56.02439024390244,0.0,44.82682926829268,3.1097560975609757,8,12.666666666666666,12.666666666666666,,11,,,,,permanent,3.0,
2024,Miami,United States,22,10,88.192,7,RB,Yuki TSUNODA,JPN,,,,,,7,9.0,9.0,0.9509999999999934,6,,,,,permanent,3.0,
2024,Monte Carlo,Monaco,22,8,70.858,8,RB,Yuki TSUNODA,JPN,21.596499999999995,63.99,0.0,46.318000000000005,0.9795,8,8.0,8.0,0.5880000000000081,-4,,,,,permanent,3.0,
2024,Montreal,Canada,22,8,72.414,14,RB,Yuki TSUNODA,JPN,17.797345132743363,73.38053097345133,0.2743362831858407,24.569911504424784,1.169911504424779,14,7.666666666666667,7.666666666666667,0.4140000000000015,3,,,,,permanent,3.0,
2024,Shanghai,China,22,19,97.892,16,RB,Yuki TSUNODA,JPN,19.765,69.5375,0.0,26.964999999999996,2.5787500000000003,16,9.666666666666666,9.666666666666666,4.231999999999999,5,,,,,permanent,3.0,
2024,Spielberg,Austria,22,14,65.412,14,RB,Yuki TSUNODA,JPN,,,,,,14,12.666666666666666,12.666666666666666,1.0980000000000132,3,,,,,permanent,3.0,
2024,Zandvoort,Netherlands,22,11,70.955,17,RB,Yuki TSUNODA,JPN,19.00588235294118,60.96078431372549,0.0,30.80588235294118,4.568627450980392,17,14.666666666666666,14.666666666666666,1.2819999999999965,-2,,,,,permanent,3.0,
2023,Baku,Azerbaijan,23,7,102.846,9,Williams,Alexander ALBON,THA,22.201219512195127,58.28048780487805,0.024390243902439025,36.83170731707317,0.7304878048780489,9,,17.333333333333332,2.6430000000000007,-7,,,,,street,4.0,
2023,Baku,Azerbaijan,23,12,101.818,12,Williams,Alexander ALBON,THA,24.860625,49.225,0.0,41.209999999999994,1.083125,12,9.0,14.666666666666666,1.6149999999999949,-2,,,,,street,4.0,
2023,Miami,United States,23,11,87.795,14,Williams,Alexander ALBON,THA,27.11741935483871,59.42580645161291,0.0,36.689032258064515,3.970322580645162,14,10.5,12.333333333333334,0.9540000000000077,-9,,,,,permanent,3.0,
2023,Monte Carlo,Monaco,23,13,72.527,14,Williams,Alexander ALBON,THA,25.06590909090909,45.86363636363637,0.14772727272727273,39.25568181818182,1.0056818181818181,14,11.666666666666666,11.666666666666666,1.1620000000000061,-3,,,,,permanent,3.0,
2023,Montreal,Canada,23,9,,7,Williams,Alexander ALBON,THA,18.530246913580246,63.901234567901234,0.0,30.593209876543206,1.941975308641975,7,13.333333333333334,13.333333333333334,,,,,,,permanent,3.0,
2023,Sakhir,Bahrain,23,15,,10,Williams,Alexander ALBON,THA,27.43167701863354,21.496894409937887,0.0,31.01180124223602,0.6832298136645961,10,11.666666666666666,11.666666666666666,,-1,,,,,permanent,3.0,
2023,Singapore,Singapore,23,14,93.719,11,Williams,Alexander ALBON,THA,29.844318181818185,72.0284090909091,0.0,36.42215909090909,1.4159090909090908,11,10.333333333333334,10.333333333333334,2.7349999999999994,-4,,,,,street,2.0,
2023,Spielberg,Austria,23,11,66.152,13,Williams,Alexander ALBON,THA,16.442268041237117,87.25773195876289,0.35051546391752575,21.11443298969072,0.7752577319587629,13,9.333333333333334,9.333333333333334,1.7609999999999957,-9,,,,,permanent,3.0,
2023,Spielberg,Austria,23,10,65.823,11,Williams,Alexander ALBON,THA,22.398039215686275,52.04575163398693,0.0196078431372549,32.05424836601307,1.0973856209150326,11,11.333333333333334,11.333333333333334,1.431999999999988,-10,,,,,permanent,3.0,
2024,Baku,Azerbaijan,23,9,102.859,7,Williams,Alexander ALBON,THA,26.70592105263158,38.01973684210526,0.0,44.34934210526316,1.5513157894736842,7,11.666666666666666,11.666666666666666,1.4939999999999998,1,,,,,street,4.0,
2024,Catalunya,Spain,23,20,73.153,18,Williams,Alexander ALBON,THA,24.132467532467533,63.44155844155844,0.006493506493506494,41.096103896103905,2.1233766233766236,18,10.333333333333334,10.333333333333334,1.7700000000000102,1,,,,,permanent,3.0,
2024,Miami,United States,23,20,89.858,13,Williams,Alexander ALBON,THA,28.698780487804882,56.02439024390244,0.0,44.82682926829268,3.1097560975609757,13,12.0,12.0,2.6170000000000044,2,,,,,permanent,3.0,
2024,Miami,United States,23,14,88.413,18,Williams,Alexander ALBON,THA,,,,,,18,12.666666666666666,12.666666666666666,1.171999999999997,-4,,,,,permanent,3.0,
2024,Monte Carlo,Monaco,23,9,70.948,9,Williams,Alexander ALBON,THA,21.596499999999995,63.99,0.0,46.318000000000005,0.9795,9,16.333333333333332,16.333333333333332,0.6779999999999973,-6,,,,,permanent,3.0,
2024,Monza,Italy,23,9,80.299,9,Williams,Alexander ALBON,THA,33.1015037593985,32.285714285714285,0.0,49.31127819548872,1.518796992481203,9,13.333333333333334,13.333333333333334,0.9720000000000084,-9,,,,,permanent,3.0,
2024,Shanghai,China,23,18,97.812,17,Williams,Alexander ALBON,THA,19.765,69.5375,0.0,26.964999999999996,2.5787500000000003,17,12.0,12.0,4.152000000000001,-2,,,,,permanent,3.0,
2024,Shanghai,China,23,14,95.241,12,Williams,Alexander ALBON,THA,18.63939393939394,66.06060606060606,0.0,29.792727272727273,1.68,12,11.666666666666666,11.666666666666666,1.581000000000003,-6,,,,,permanent,3.0,
2024,Spielberg,Austria,23,16,65.736,15,Williams,Alexander ALBON,THA,,,,,,15,12.666666666666666,12.666666666666666,1.4220000000000113,-3,,,,,permanent,3.0,
2024,Zandvoort,Netherlands,23,19,,14,Williams,Alexander ALBON,THA,19.00588235294118,60.96078431372549,0.0,30.80588235294118,4.568627450980392,14,14.666666666666666,14.666666666666666,,1,,,,,permanent,3.0,
2023,Baku,Azerbaijan,24,14,105.177,12,Alfa Romeo,ZHOU Guanyu,CHN,22.201219512195127,58.28048780487805,0.024390243902439025,36.83170731707317,0.7304878048780489,12,,,4.974000000000004,-1,,,,,street,4.0,
2023,Jeddah,Saudi Arabia,24,11,89.461,13,Alfa Romeo,ZHOU Guanyu,CHN,26.09189189189189,57.79054054054054,0.0,31.79256756756757,1.772297297297297,13,12.0,12.0,1.195999999999998,-3,,,,,street,5.0,
2023,Melbourne,Australia,24,17,78.54,9,Alfa Romeo,ZHOU Guanyu,CHN,17.449549549549552,54.15765765765766,0.0,30.13963963963964,1.1270270270270266,9,12.5,12.5,1.808000000000007,,,,,,permanent,3.0,
2023,Miami,United States,24,14,88.091,16,Alfa Romeo,ZHOU Guanyu,CHN,27.11741935483871,59.42580645161291,0.0,36.689032258064515,3.970322580645162,16,11.333333333333334,11.333333333333334,1.25,4,,,,,permanent,3.0,
2023,Monte Carlo,Monaco,24,19,73.523,13,Alfa Romeo,ZHOU Guanyu,CHN,25.06590909090909,45.86363636363637,0.14772727272727273,39.25568181818182,1.0056818181818181,13,12.666666666666666,12.666666666666666,2.1580000000000013,4,,,,,permanent,3.0,
2023,Montreal,Canada,24,20,83.342,16,Alfa Romeo,ZHOU Guanyu,CHN,18.530246913580246,63.901234567901234,0.0,30.593209876543206,1.941975308641975,16,12.666666666666666,12.666666666666666,2.727000000000004,6,,,,,permanent,3.0,
2023,Sakhir,Bahrain,24,13,91.473,16,Alfa Romeo,ZHOU Guanyu,CHN,27.43167701863354,21.496894409937887,0.0,31.01180124223602,0.6832298136645961,16,15.0,15.0,1.7650000000000006,1,,,,,permanent,3.0,
2023,Singapore,Singapore,24,19,93.258,12,Alfa Romeo,ZHOU Guanyu,CHN,29.844318181818185,72.0284090909091,0.0,36.42215909090909,1.4159090909090908,12,15.0,15.0,2.274000000000001,,,,,,street,2.0,
2023,Spielberg,Austria,24,16,67.062,19,Alfa Romeo,ZHOU Guanyu,CHN,16.442268041237117,87.25773195876289,0.35051546391752575,21.11443298969072,0.7752577319587629,19,14.666666666666666,14.666666666666666,2.6709999999999923,-3,,,,,permanent,3.0,
2023,Spielberg,Austria,24,17,65.818,12,Alfa Romeo,ZHOU Guanyu,CHN,22.398039215686275,52.04575163398693,0.0196078431372549,32.05424836601307,1.0973856209150326,12,15.666666666666666,15.666666666666666,1.4269999999999925,-2,,,,,permanent,3.0,
2024,Baku,Azerbaijan,24,17,104.246,14,Kick Sauber,ZHOU Guanyu,CHN,26.70592105263158,38.01973684210526,0.0,44.34934210526316,1.5513157894736842,14,14.333333333333334,,2.8810000000000002,1,,,,,street,4.0,
2024,Catalunya,Spain,24,15,72.738,13,Kick Sauber,ZHOU Guanyu,CHN,24.132467532467533,63.44155844155844,0.006493506493506494,41.096103896103905,2.1233766233766236,13,15.0,14.0,1.355000000000004,3,,,,,permanent,3.0,
2024,Imola,Italy,24,17,76.834,15,Kick Sauber,ZHOU Guanyu,CHN,25.113986013986015,48.42657342657343,0.0,42.023776223776224,2.141258741258741,15,13.0,13.5,2.088000000000008,1,,,,,permanent,3.0,
2024,Las Vegas,United States,24,13,93.566,13,Kick Sauber,ZHOU Guanyu,CHN,,,,,,13,14.0,14.0,1.2540000000000049,-6,,,,,permanent,3.0,
2024,Miami,United States,24,17,89.267,11,Kick Sauber,ZHOU Guanyu,CHN,28.698780487804882,56.02439024390244,0.0,44.82682926829268,3.1097560975609757,11,13.666666666666666,13.666666666666666,2.0259999999999962,-2,,,,,permanent,3.0,
2024,Miami,United States,24,19,88.824,14,Kick Sauber,ZHOU Guanyu,CHN,,,,,,14,13.0,13.0,1.5829999999999984,0,,,,,permanent,3.0,
2024,Monte Carlo,Monaco,24,18,73.028,16,Kick Sauber,ZHOU Guanyu,CHN,21.596499999999995,63.99,0.0,46.318000000000005,0.9795,16,12.666666666666666,12.666666666666666,2.7580000000000098,1,,,,,permanent,3.0,
2024,Montreal,Canada,24,20,74.292,15,Kick Sauber,ZHOU Guanyu,CHN,17.797345132743363,73.38053097345133,0.2743362831858407,24.569911504424784,1.169911504424779,15,13.666666666666666,13.666666666666666,2.2920000000000016,1,,,,,permanent,3.0,
2024,Monza,Italy,24,20,81.445,18,Kick Sauber,ZHOU Guanyu,CHN,33.1015037593985,32.285714285714285,0.0,49.31127819548872,1.518796992481203,18,15.0,15.0,2.117999999999995,1,,,,,permanent,3.0,
2024,Shanghai,China,24,10,123.537,9,Kick Sauber,ZHOU Guanyu,CHN,19.765,69.5375,0.0,26.964999999999996,2.5787500000000003,9,16.333333333333332,16.333333333333332,29.87700000000001,1,,,,,permanent,3.0,
2024,Shanghai,China,24,16,95.505,14,Kick Sauber,ZHOU Guanyu,CHN,18.63939393939394,66.06060606060606,0.0,29.792727272727273,1.68,14,14.0,14.0,1.8449999999999989,7,,,,,permanent,3.0,
2024,Spielberg,Austria,24,20,66.061,17,Kick Sauber,ZHOU Guanyu,CHN,,,,,,17,13.666666666666666,13.666666666666666,1.747000000000014,2,,,,,permanent,3.0,
2024,Zandvoort,Netherlands,24,17,73.261,20,Kick Sauber,ZHOU Guanyu,CHN,19.00588235294118,60.96078431372549,0.0,30.80588235294118,4.568627450980392,20,13.333333333333334,13.333333333333334,3.587999999999994,1,,,,,permanent,3.0,
2023,Baku,Azerbaijan,27,12,103.806,15,Haas F1 Team,Nico HULKENBERG,GER,22.201219512195127,58.28048780487805,0.024390243902439025,36.83170731707317,0.7304878048780489,15,,14.0,3.6029999999999944,-1,,,,,street,4.0,
2023,Baku,Azerbaijan,27,20,102.755,17,Haas F1 Team,Nico HULKENBERG,GER,24.860625,49.225,0.0,41.209999999999994,1.083125,17,15.0,13.666666666666666,2.5519999999999925,7,,,,,street,4.0,
2023,Interlagos,Brazil,27,11,70.547,12,Haas F1 Team,Nico HULKENBERG,GER,,,,,,12,16.0,16.666666666666668,0.0,,,,,,permanent,3.0,
2023,Jeddah,Saudi Arabia,27,10,89.451,12,Haas F1 Team,Nico HULKENBERG,GER,26.09189189189189,57.79054054054054,0.0,31.79256756756757,1.772297297297297,12,14.666666666666666,14.666666666666666,1.1859999999999928,-3,,,,,street,5.0,
2023,Melbourne,Australia,27,10,77.735,7,Haas F1 Team,Nico HULKENBERG,GER,17.449549549549552,54.15765765765766,0.0,30.13963963963964,1.1270270270270266,7,13.666666666666666,13.666666666666666,1.0030000000000001,-4,,,,,permanent,3.0,
2023,Miami,United States,27,12,87.903,15,Haas F1 Team,Nico HULKENBERG,GER,27.11741935483871,59.42580645161291,0.0,36.689032258064515,3.970322580645162,15,10.333333333333334,10.333333333333334,1.0620000000000118,8,,,,,permanent,3.0,
2023,Monte Carlo,Monaco,27,18,73.279,17,Haas F1 Team,Nico HULKENBERG,GER,25.06590909090909,45.86363636363637,0.14772727272727273,39.25568181818182,1.0056818181818181,17,11.333333333333334,11.333333333333334,1.9140000000000015,1,,,,,permanent,3.0,
2023,Montreal,Canada,27,5,87.102,15,Haas F1 Team,Nico HULKENBERG,GER,18.530246913580246,63.901234567901234,0.0,30.593209876543206,1.941975308641975,15,13.0,13.0,6.487000000000009,-8,,,,,permanent,3.0,
2023,Sakhir,Bahrain,27,10,,15,Haas F1 Team,Nico HULKENBERG,GER,27.43167701863354,21.496894409937887,0.0,31.01180124223602,0.6832298136645961,15,15.666666666666666,15.666666666666666,,-7,,,,,permanent,3.0,
2023,Singapore,Singapore,27,9,91.808,13,Haas F1 Team,Nico HULKENBERG,GER,29.844318181818185,72.0284090909091,0.0,36.42215909090909,1.4159090909090908,13,15.666666666666666,15.666666666666666,0.8240000000000123,3,,,,,street,2.0,
2023,Spielberg,Austria,27,4,65.084,6,Haas F1 Team,Nico HULKENBERG,GER,16.442268041237117,87.25773195876289,0.35051546391752575,21.11443298969072,0.7752577319587629,6,14.333333333333334,14.333333333333334,0.6929999999999978,-6,,,,,permanent,3.0,
2024,Baku,Azerbaijan,27,12,103.191,11,Haas F1 Team,Nico HULKENBERG,GER,26.70592105263158,38.01973684210526,0.0,44.34934210526316,1.5513157894736842,11,11.333333333333334,11.333333333333334,1.8260000000000076,2,,,,,street,4.0,
2024,Catalunya,Spain,27,13,72.31,11,Haas F1 Team,Nico HULKENBERG,GER,24.132467532467533,63.44155844155844,0.006493506493506494,41.096103896103905,2.1233766233766236,11,10.0,10.0,0.9270000000000067,-3,,,,,permanent,3.0,
2024,Imola,Italy,27,10,75.98,11,Haas F1 Team,Nico HULKENBERG,GER,25.113986013986015,48.42657342657343,0.0,42.023776223776224,2.141258741258741,11,9.333333333333334,9.333333333333334,1.2340000000000089,-8,,,,,permanent,3.0,
2024,Las Vegas,United States,27,9,93.062,8,Haas F1 Team,Nico HULKENBERG,GER,,,,,,8,11.0,11.0,0.75,-3,,,,,permanent,3.0,
2024,Miami,United States,27,10,88.476,7,Haas F1 Team,Nico HULKENBERG,GER,28.698780487804882,56.02439024390244,0.0,44.82682926829268,3.1097560975609757,7,10.0,10.0,1.2349999999999994,-4,,,,,permanent,3.0,
2024,Miami,United States,27,9,88.146,11,Haas F1 Team,Nico HULKENBERG,GER,,,,,,11,8.666666666666666,8.666666666666666,0.9050000000000011,-5,,,,,permanent,3.0,
2024,Montreal,Canada,27,17,73.978,11,Haas F1 Team,Nico HULKENBERG,GER,17.797345132743363,73.38053097345133,0.2743362831858407,24.569911504424784,1.169911504424779,11,8.666666666666666,8.666666666666666,1.9779999999999944,3,,,,,permanent,3.0,
2024,Monza,Italy,27,10,80.339,17,Haas F1 Team,Nico HULKENBERG,GER,33.1015037593985,32.285714285714285,0.0,49.31127819548872,1.518796992481203,17,9.666666666666666,9.666666666666666,1.0120000000000005,-3,,,,,permanent,3.0,
2024,Shanghai,China,27,13,96.478,19,Haas F1 Team,Nico HULKENBERG,GER,19.765,69.5375,0.0,26.964999999999996,2.5787500000000003,19,13.0,13.0,2.817999999999998,1,,,,,permanent,3.0,
2024,Shanghai,China,27,9,94.604,10,Haas F1 Team,Nico HULKENBERG,GER,18.63939393939394,66.06060606060606,0.0,29.792727272727273,1.68,10,15.666666666666666,15.666666666666666,0.9440000000000026,-3,,,,,permanent,3.0,
2024,Spielberg,Austria,27,9,65.385,6,Haas F1 Team,Nico HULKENBERG,GER,,,,,,6,15.333333333333334,15.333333333333334,1.0710000000000122,-3,,,,,permanent,3.0,
2024,Zandvoort,Netherlands,27,12,71.215,11,Haas F1 Team,Nico HULKENBERG,GER,19.00588235294118,60.96078431372549,0.0,30.80588235294118,4.568627450980392,11,11.666666666666666,11.666666666666666,1.5420000000000016,-8,,,,,permanent,3.0,
2024,Las Vegas,United States,30,14,94.257,16,RB,Liam LAWSON,NZL,,,,,,16,,15.666666666666666,1.9450000000000074,7,,,,,permanent,3.0,
2023,Baku,Azerbaijan,31,19,101.798,15,Alpine,Esteban OCON,FRA,24.860625,49.225,0.0,41.209999999999994,1.083125,15,,10.666666666666666,1.5949999999999989,2,,,,,street,4.0,
2023,Interlagos,Brazil,31,14,70.562,10,Alpine,Esteban OCON,FRA,,,,,,10,15.0,11.333333333333334,0.015000000000000568,-1,,,,,permanent,3.0,
2023,Jeddah,Saudi Arabia,31,6,89.078,8,Alpine,Esteban OCON,FRA,26.09189189189189,57.79054054054054,0.0,31.79256756756757,1.772297297297297,8,12.5,11.333333333333334,0.8130000000000024,-3,,,,,street,5.0,
2023,Melbourne,Australia,31,11,77.768,14,Alpine,Esteban OCON,FRA,17.449549549549552,54.15765765765766,0.0,30.13963963963964,1.1270270270270266,14,11.0,11.0,1.0360000000000014,2,,,,,permanent,3.0,
2023,Miami,United States,31,8,87.935,9,Alpine,Esteban OCON,FRA,27.11741935483871,59.42580645161291,0.0,36.689032258064515,3.970322580645162,9,10.666666666666666,10.666666666666666,1.0940000000000083,3,,,,,permanent,3.0,
2023,Monte Carlo,Monaco,31,3,71.553,3,Alpine,Esteban OCON,FRA,25.06590909090909,45.86363636363637,0.14772727272727273,39.25568181818182,1.0056818181818181,3,10.333333333333334,10.333333333333334,0.1880000000000024,-4,,,,,permanent,3.0,
2023,Montreal,Canada,31,6,87.945,8,Alpine,Esteban OCON,FRA,18.530246913580246,63.901234567901234,0.0,30.593209876543206,1.941975308641975,8,8.666666666666666,8.666666666666666,7.329999999999998,-9,,,,,permanent,3.0,
2023,Spielberg,Austria,31,8,65.366,7,Alpine,Esteban OCON,FRA,16.442268041237117,87.25773195876289,0.35051546391752575,21.11443298969072,0.7752577319587629,7,6.666666666666667,6.666666666666667,0.9749999999999943,-4,,,,,permanent,3.0,
2023,Spielberg,Austria,31,12,65.453,14,Alpine,Esteban OCON,FRA,22.398039215686275,52.04575163398693,0.0196078431372549,32.05424836601307,1.0973856209150326,14,6.0,6.0,1.0619999999999976,0,,,,,permanent,3.0,
2024,Baku,Azerbaijan,31,20,104.504,15,Alpine,Esteban OCON,FRA,26.70592105263158,38.01973684210526,0.0,44.34934210526316,1.5513157894736842,15,9.666666666666666,9.666666666666666,3.13900000000001,2,,,,,street,4.0,
2024,Catalunya,Spain,31,8,72.125,10,Alpine,Esteban OCON,FRA,24.132467532467533,63.44155844155844,0.006493506493506494,41.096103896103905,2.1233766233766236,10,12.0,12.0,0.7420000000000044,1,,,,,permanent,3.0,
2024,Imola,Italy,31,12,75.906,14,Alpine,Esteban OCON,FRA,25.113986013986015,48.42657342657343,0.0,42.023776223776224,2.141258741258741,14,13.0,13.0,1.1600000000000108,-3,,,,,permanent,3.0,
2024,Las Vegas,United States,31,11,93.221,17,Alpine,Esteban OCON,FRA,,,,,,17,13.0,13.0,0.909000000000006,,,,,,permanent,3.0,
2024,Miami,United States,31,13,88.379,15,Alpine,Esteban OCON,FRA,28.698780487804882,56.02439024390244,0.0,44.82682926829268,3.1097560975609757,15,13.666666666666666,13.666666666666666,1.1380000000000052,-3,,,,,permanent,3.0,
2024,Miami,United States,31,13,88.371,10,Alpine,Esteban OCON,FRA,,,,,,10,15.333333333333334,15.333333333333334,1.1299999999999955,-3,,,,,permanent,3.0,
2024,Montreal,Canada,31,18,73.435,10,Alpine,Esteban OCON,FRA,17.797345132743363,73.38053097345133,0.2743362831858407,24.569911504424784,1.169911504424779,10,14.0,14.0,1.4350000000000023,3,,,,,permanent,3.0,
2024,Monza,Italy,31,15,80.766,14,Alpine,Esteban OCON,FRA,33.1015037593985,32.285714285714285,0.0,49.31127819548872,1.518796992481203,14,11.666666666666666,11.666666666666666,1.4390000000000072,1,,,,,permanent,3.0,
2024,Shanghai,China,31,17,97.72,13,Alpine,Esteban OCON,FRA,19.765,69.5375,0.0,26.964999999999996,2.5787500000000003,13,11.333333333333334,11.333333333333334,4.060000000000002,1,,,,,permanent,3.0,
2024,Shanghai,China,31,13,95.223,11,Alpine,Esteban OCON,FRA,18.63939393939394,66.06060606060606,0.0,29.792727272727273,1.68,11,12.333333333333334,12.333333333333334,1.5630000000000024,-3,,,,,permanent,3.0,
2024,Spielberg,Austria,31,10,65.883,12,Alpine,Esteban OCON,FRA,,,,,,12,12.666666666666666,12.666666666666666,1.5690000000000026,-3,,,,,permanent,3.0,
2024,Zandvoort,Netherlands,31,15,71.995,15,Alpine,Esteban OCON,FRA,19.00588235294118,60.96078431372549,0.0,30.80588235294118,4.568627450980392,15,12.0,12.0,2.3220000000000027,6,,,,,permanent,3.0,
2023,Singapore,Singapore,40,10,92.268,9,AlphaTauri,Liam LAWSON,NZL,29.844318181818185,72.0284090909091,0.0,36.42215909090909,1.4159090909090908,9,,15.333333333333334,1.284000000000006,,,,,,street,2.0,
2024,Baku,Azerbaijan,43,8,102.53,8,Williams,Franco COLAPINTO,ARG,26.70592105263158,38.01973684210526,0.0,44.34934210526316,1.5513157894736842,8,,13.666666666666666,1.1650000000000063,-1,,,,,street,4.0,
2024,Las Vegas,United States,43,20,93.749,14,Williams,Franco COLAPINTO,ARG,,,,,,14,8.0,12.333333333333334,1.4369999999999976,,,,,,permanent,3.0,
2024,Monza,Italy,43,18,81.061,12,Williams,Franco COLAPINTO,ARG,33.1015037593985,32.285714285714285,0.0,49.31127819548872,1.518796992481203,12,11.0,12.0,1.7340000000000089,9,,,,,permanent,3.0,
2023,Baku,Azerbaijan,44,6,102.502,7,Mercedes,Lewis HAMILTON,GBR,22.201219512195127,58.28048780487805,0.024390243902439025,36.83170731707317,0.7304878048780489,7,,,2.2989999999999924,2,,,,,street,4.0,
2023,Baku,Azerbaijan,44,5,101.177,6,Mercedes,Lewis HAMILTON,GBR,24.860625,49.225,0.0,41.209999999999994,1.083125,6,7.0,7.0,0.9740000000000038,1,,,,,street,4.0,
2023,Interlagos,Brazil,44,5,71.469,8,Mercedes,Lewis HAMILTON,GBR,,,,,,8,6.5,6.5,0.921999999999997,,,,,,permanent,3.0,
2023,Jeddah,Saudi Arabia,44,7,89.223,5,Mercedes,Lewis HAMILTON,GBR,26.09189189189189,57.79054054054054,0.0,31.79256756756757,1.772297297297297,5,7.0,7.0,0.9579999999999984,4,,,,,street,5.0,
2023,Melbourne,Australia,44,3,77.104,2,Mercedes,Lewis HAMILTON,GBR,17.449549549549552,54.15765765765766,0.0,30.13963963963964,1.1270270270270266,2,6.333333333333333,6.333333333333333,0.3719999999999999,,,,,,permanent,3.0,
2023,Miami,United States,44,13,87.975,6,Mercedes,Lewis HAMILTON,GBR,27.11741935483871,59.42580645161291,0.0,36.689032258064515,3.970322580645162,6,5.0,5.0,1.1340000000000003,7,,,,,permanent,3.0,
2023,Monte Carlo,Monaco,44,5,71.725,4,Mercedes,Lewis HAMILTON,GBR,25.06590909090909,45.86363636363637,0.14772727272727273,39.25568181818182,1.0056818181818181,4,4.333333333333333,4.333333333333333,0.35999999999999943,-3,,,,,permanent,3.0,
2023,Montreal,Canada,44,3,87.627,3,Mercedes,Lewis HAMILTON,GBR,18.530246913580246,63.901234567901234,0.0,30.593209876543206,1.941975308641975,3,4.0,4.0,7.0120000000000005,,,,,,permanent,3.0,
2023,Sakhir,Bahrain,44,7,90.384,5,Mercedes,Lewis HAMILTON,GBR,27.43167701863354,21.496894409937887,0.0,31.01180124223602,0.6832298136645961,5,4.333333333333333,4.333333333333333,0.6760000000000019,1,,,,,permanent,3.0,
2023,Singapore,Singapore,44,5,91.485,3,Mercedes,Lewis HAMILTON,GBR,29.844318181818185,72.0284090909091,0.0,36.42215909090909,1.4159090909090908,3,4.0,4.0,0.5010000000000048,3,,,,,street,2.0,
2023,Spielberg,Austria,44,18,67.282,10,Mercedes,Lewis HAMILTON,GBR,16.442268041237117,87.25773195876289,0.35051546391752575,21.11443298969072,0.7752577319587629,10,3.6666666666666665,3.6666666666666665,2.890999999999991,3,,,,,permanent,3.0,
2023,Spielberg,Austria,44,5,64.819,8,Mercedes,Lewis HAMILTON,GBR,22.398039215686275,52.04575163398693,0.0196078431372549,32.05424836601307,1.0973856209150326,8,6.0,6.0,0.42799999999999727,-10,,,,,permanent,3.0,
2024,Baku,Azerbaijan,44,19,102.289,9,Mercedes,Lewis HAMILTON,GBR,26.70592105263158,38.01973684210526,0.0,44.34934210526316,1.5513157894736842,9,7.0,7.0,0.9240000000000066,14,,,,,street,4.0,
2024,Catalunya,Spain,44,3,71.701,3,Mercedes,Lewis HAMILTON,GBR,24.132467532467533,63.44155844155844,0.006493506493506494,41.096103896103905,2.1233766233766236,3,9.0,9.0,0.31799999999999784,-1,,,,,permanent,3.0,
2024,Imola,Italy,44,8,75.504,6,Mercedes,Lewis HAMILTON,GBR,25.113986013986015,48.42657342657343,0.0,42.023776223776224,2.141258741258741,6,6.666666666666667,6.666666666666667,0.7580000000000098,2,,,,,permanent,3.0,
2024,Las Vegas,United States,44,10,108.106,2,Mercedes,Lewis HAMILTON,GBR,,,,,,2,6.0,6.0,15.793999999999997,9,,,,,permanent,3.0,
2024,Miami,United States,44,12,88.371,16,Mercedes,Lewis HAMILTON,GBR,28.698780487804882,56.02439024390244,0.0,44.82682926829268,3.1097560975609757,16,3.6666666666666665,3.6666666666666665,1.1299999999999955,1,,,,,permanent,3.0,
2024,Miami,United States,44,8,88.107,6,Mercedes,Lewis HAMILTON,GBR,,,,,,6,8.0,8.0,0.8659999999999997,-3,,,,,permanent,3.0,
2024,Monte Carlo,Monaco,44,7,70.621,7,Mercedes,Lewis HAMILTON,GBR,21.596499999999995,63.99,0.0,46.318000000000005,0.9795,7,8.0,8.0,0.3509999999999991,2,,,,,permanent,3.0,
2024,Montreal,Canada,44,7,72.28,4,Mercedes,Lewis HAMILTON,GBR,17.797345132743363,73.38053097345133,0.2743362831858407,24.569911504424784,1.169911504424779,4,9.666666666666666,9.666666666666666,0.28000000000000114,6,,,,,permanent,3.0,
2024,Monza,Italy,44,6,79.513,5,Mercedes,Lewis HAMILTON,GBR,33.1015037593985,32.285714285714285,0.0,49.31127819548872,1.518796992481203,5,5.666666666666667,5.666666666666667,0.18600000000000705,3,,,,,permanent,3.0,
2024,Shanghai,China,44,2,119.201,2,Mercedes,Lewis HAMILTON,GBR,19.765,69.5375,0.0,26.964999999999996,2.5787500000000003,2,5.333333333333333,5.333333333333333,25.540999999999997,-9,,,,,permanent,3.0,
2024,Shanghai,China,44,18,95.573,9,Mercedes,Lewis HAMILTON,GBR,18.63939393939394,66.06060606060606,0.0,29.792727272727273,1.68,9,3.6666666666666665,3.6666666666666665,1.9129999999999967,7,,,,,permanent,3.0,
2024,Spielberg,Austria,44,5,64.903,4,Mercedes,Lewis HAMILTON,GBR,,,,,,4,5.333333333333333,5.333333333333333,0.5890000000000128,2,,,,,permanent,3.0,
2024,Zandvoort,Netherlands,44,14,70.948,8,Mercedes,Lewis HAMILTON,GBR,19.00588235294118,60.96078431372549,0.0,30.80588235294118,4.568627450980392,8,5.0,5.0,1.2749999999999915,10,,,,,permanent,3.0,
2024,Baku,Azerbaijan,50,10,102.968,10,Haas F1 Team,Oliver BEARMAN,GBR,26.70592105263158,38.01973684210526,0.0,44.34934210526316,1.5513157894736842,10,,9.0,1.6030000000000086,-2,,,,,street,4.0,
2023,Baku,Azerbaijan,55,5,102.287,5,Ferrari,Carlos SAINZ,ESP,22.201219512195127,58.28048780487805,0.024390243902439025,36.83170731707317,0.7304878048780489,5,,6.0,2.084000000000003,4,,,,,street,4.0,
2023,Baku,Azerbaijan,55,4,101.016,5,Ferrari,Carlos SAINZ,ESP,24.860625,49.225,0.0,41.209999999999994,1.083125,5,5.0,6.333333333333333,0.8130000000000024,3,,,,,street,4.0,
2023,Interlagos,Brazil,55,7,71.989,6,Ferrari,Carlos SAINZ,ESP,,,,,,6,5.0,4.333333333333333,1.4420000000000073,,,,,,permanent,3.0,
2023,Jeddah,Saudi Arabia,55,4,88.931,6,Ferrari,Carlos SAINZ,ESP,26.09189189189189,57.79054054054054,0.0,31.79256756756757,1.772297297297297,6,5.333333333333333,5.333333333333333,0.6659999999999968,-8,,,,,street,5.0,
2023,Melbourne,Australia,55,5,77.27,12,Ferrari,Carlos SAINZ,ESP,17.449549549549552,54.15765765765766,0.0,30.13963963963964,1.1270270270270266,12,5.666666666666667,5.666666666666667,0.5379999999999967,,,,,,permanent,3.0,
2023,Miami,United States,55,3,87.349,5,Ferrari,Carlos SAINZ,ESP,27.11741935483871,59.42580645161291,0.0,36.689032258064515,3.970322580645162,5,8.0,8.0,0.5080000000000098,-4,,,,,permanent,3.0,
2023,Monte Carlo,Monaco,55,4,71.63,8,Ferrari,Carlos SAINZ,ESP,25.06590909090909,45.86363636363637,0.14772727272727273,39.25568181818182,1.0056818181818181,8,7.666666666666667,7.666666666666667,0.26500000000000057,-2,,,,,permanent,3.0,
2023,Montreal,Canada,55,11,89.294,5,Ferrari,Carlos SAINZ,ESP,18.530246913580246,63.901234567901234,0.0,30.593209876543206,1.941975308641975,5,8.333333333333334,8.333333333333334,8.679000000000002,1,,,,,permanent,3.0,
2023,Sakhir,Bahrain,55,4,90.154,4,Ferrari,Carlos SAINZ,ESP,27.43167701863354,21.496894409937887,0.0,31.01180124223602,0.6832298136645961,4,6.0,6.0,0.44599999999999795,,,,,,permanent,3.0,
2023,Singapore,Singapore,55,1,90.984,1,Ferrari,Carlos SAINZ,ESP,29.844318181818185,72.0284090909091,0.0,36.42215909090909,1.4159090909090908,1,5.666666666666667,5.666666666666667,0.0,-2,,,,,street,2.0,
2023,Spielberg,Austria,55,5,65.136,3,Ferrari,Carlos SAINZ,ESP,16.442268041237117,87.25773195876289,0.35051546391752575,21.11443298969072,0.7752577319587629,3,3.3333333333333335,3.3333333333333335,0.7449999999999903,-4,,,,,permanent,3.0,
2023,Spielberg,Austria,55,3,64.581,6,Ferrari,Carlos SAINZ,ESP,22.398039215686275,52.04575163398693,0.0196078431372549,32.05424836601307,1.0973856209150326,6,2.6666666666666665,2.6666666666666665,0.18999999999999773,-6,,,,,permanent,3.0,
2024,Baku,Azerbaijan,55,3,101.805,18,Ferrari,Carlos SAINZ,ESP,26.70592105263158,38.01973684210526,0.0,44.34934210526316,1.5513157894736842,18,3.3333333333333335,3.3333333333333335,0.44000000000001194,2,,,,,street,4.0,
2024,Catalunya,Spain,55,6,71.736,6,Ferrari,Carlos SAINZ,ESP,24.132467532467533,63.44155844155844,0.006493506493506494,41.096103896103905,2.1233766233766236,6,9.0,9.0,0.35300000000000864,1,,,,,permanent,3.0,
2024,Imola,Italy,55,4,75.233,5,Ferrari,Carlos SAINZ,ESP,25.113986013986015,48.42657342657343,0.0,42.023776223776224,2.141258741258741,5,10.0,10.0,0.487000000000009,1,,,,,permanent,3.0,
2024,Las Vegas,United States,55,2,92.41,3,Ferrari,Carlos SAINZ,ESP,,,,,,3,9.666666666666666,9.666666666666666,0.09799999999999898,-2,,,,,permanent,3.0,
2024,Miami,United States,55,5,88.103,5,Ferrari,Carlos SAINZ,ESP,28.698780487804882,56.02439024390244,0.0,44.82682926829268,3.1097560975609757,5,4.666666666666667,4.666666666666667,0.8619999999999948,3,,,,,permanent,3.0,
2024,Miami,United States,55,3,87.455,5,Ferrari,Carlos SAINZ,ESP,,,,,,5,4.333333333333333,4.333333333333333,0.21399999999999864,1,,,,,permanent,3.0,
2024,Monte Carlo,Monaco,55,3,70.518,3,Ferrari,Carlos SAINZ,ESP,21.596499999999995,63.99,0.0,46.318000000000005,0.9795,3,4.333333333333333,4.333333333333333,0.24800000000000466,2,,,,,permanent,3.0,
2024,Monza,Italy,55,5,79.467,4,Ferrari,Carlos SAINZ,ESP,33.1015037593985,32.285714285714285,0.0,49.31127819548872,1.518796992481203,4,4.333333333333333,4.333333333333333,0.14000000000000057,1,,,,,permanent,3.0,
2024,Shanghai,China,55,5,120.214,5,Ferrari,Carlos SAINZ,ESP,19.765,69.5375,0.0,26.964999999999996,2.5787500000000003,5,4.0,4.0,26.554000000000002,-2,,,,,permanent,3.0,
2024,Shanghai,China,55,7,94.297,5,Ferrari,Carlos SAINZ,ESP,18.63939393939394,66.06060606060606,0.0,29.792727272727273,1.68,5,4.0,4.0,0.6370000000000005,0,,,,,permanent,3.0,
2024,Spielberg,Austria,55,4,64.851,3,Ferrari,Carlos SAINZ,ESP,,,,,,3,4.666666666666667,4.666666666666667,0.5370000000000061,-2,,,,,permanent,3.0,
2024,Zandvoort,Netherlands,55,10,70.914,5,Ferrari,Carlos SAINZ,ESP,19.00588235294118,60.96078431372549,0.0,30.80588235294118,4.568627450980392,5,4.333333333333333,4.333333333333333,1.2409999999999997,4,,,,,permanent,3.0,
2023,Baku,Azerbaijan,63,4,102.252,4,Mercedes,George RUSSELL,GBR,22.201219512195127,58.28048780487805,0.024390243902439025,36.83170731707317,0.7304878048780489,4,,7.0,2.0489999999999924,-2,,,,,street,4.0,
2023,Baku,Azerbaijan,63,11,101.654,8,Mercedes,George RUSSELL,GBR,24.860625,49.225,0.0,41.209999999999994,1.083125,8,4.0,5.333333333333333,1.4509999999999934,5,,,,,street,4.0,
2023,Jeddah,Saudi Arabia,63,3,88.857,4,Mercedes,George RUSSELL,GBR,26.09189189189189,57.79054054054054,0.0,31.79256756756757,1.772297297297297,4,6.0,6.666666666666667,0.5919999999999987,-4,,,,,street,5.0,
2023,Miami,United States,63,6,87.804,4,Mercedes,George RUSSELL,GBR,27.11741935483871,59.42580645161291,0.0,36.689032258064515,3.970322580645162,4,5.333333333333333,5.333333333333333,0.9630000000000081,-7,,,,,permanent,3.0,
2023,Monte Carlo,Monaco,63,8,71.964,5,Mercedes,George RUSSELL,GBR,25.06590909090909,45.86363636363637,0.14772727272727273,39.25568181818182,1.0056818181818181,5,5.333333333333333,5.333333333333333,0.5990000000000038,3,,,,,permanent,3.0,
2023,Sakhir,Bahrain,63,6,90.34,7,Mercedes,George RUSSELL,GBR,27.43167701863354,21.496894409937887,0.0,31.01180124223602,0.6832298136645961,7,4.333333333333333,4.333333333333333,0.632000000000005,-1,,,,,permanent,3.0,
2023,Singapore,Singapore,63,2,91.056,16,Mercedes,George RUSSELL,GBR,29.844318181818185,72.0284090909091,0.0,36.42215909090909,1.4159090909090908,16,5.333333333333333,5.333333333333333,0.07200000000000273,-3,,,,,street,2.0,
2023,Spielberg,Austria,63,15,,8,Mercedes,George RUSSELL,GBR,16.442268041237117,87.25773195876289,0.35051546391752575,21.11443298969072,0.7752577319587629,8,9.333333333333334,9.333333333333334,,-3,,,,,permanent,3.0,
2023,Spielberg,Austria,63,11,65.428,7,Mercedes,George RUSSELL,GBR,22.398039215686275,52.04575163398693,0.0196078431372549,32.05424836601307,1.0973856209150326,7,10.333333333333334,10.333333333333334,1.036999999999992,-7,,,,,permanent,3.0,
2024,Baku,Azerbaijan,63,5,101.874,3,Mercedes,George RUSSELL,GBR,26.70592105263158,38.01973684210526,0.0,44.34934210526316,1.5513157894736842,3,10.333333333333334,10.333333333333334,0.5090000000000003,-14,,,,,street,4.0,
2024,Catalunya,Spain,63,4,71.703,4,Mercedes,George RUSSELL,GBR,24.132467532467533,63.44155844155844,0.006493506493506494,41.096103896103905,2.1233766233766236,4,6.0,6.0,0.3200000000000074,1,,,,,permanent,3.0,
2024,Imola,Italy,63,6,75.234,7,Mercedes,George RUSSELL,GBR,25.113986013986015,48.42657342657343,0.0,42.023776223776224,2.141258741258741,7,4.666666666666667,4.666666666666667,0.48799999999999955,-2,,,,,permanent,3.0,
2024,Las Vegas,United States,63,1,92.312,1,Mercedes,George RUSSELL,GBR,,,,,,1,4.666666666666667,4.666666666666667,0.0,-9,,,,,permanent,3.0,
2024,Miami,United States,63,11,88.343,12,Mercedes,George RUSSELL,GBR,28.698780487804882,56.02439024390244,0.0,44.82682926829268,3.1097560975609757,12,4.0,4.0,1.1020000000000039,-1,,,,,permanent,3.0,
2024,Miami,United States,63,7,88.067,8,Mercedes,George RUSSELL,GBR,,,,,,8,6.666666666666667,6.666666666666667,0.8259999999999934,-5,,,,,permanent,3.0,
2024,Monte Carlo,Monaco,63,5,70.543,5,Mercedes,George RUSSELL,GBR,21.596499999999995,63.99,0.0,46.318000000000005,0.9795,5,7.0,7.0,0.27300000000001035,-2,,,,,permanent,3.0,
2024,Montreal,Canada,63,1,72.0,3,Mercedes,George RUSSELL,GBR,17.797345132743363,73.38053097345133,0.2743362831858407,24.569911504424784,1.169911504424779,3,8.333333333333334,8.333333333333334,0.0,-6,,,,,permanent,3.0,
2024,Monza,Italy,63,3,79.44,7,Mercedes,George RUSSELL,GBR,33.1015037593985,32.285714285714285,0.0,49.31127819548872,1.518796992481203,7,5.333333333333333,5.333333333333333,0.11299999999999955,-3,,,,,permanent,3.0,
2024,Shanghai,China,63,11,96.345,8,Mercedes,George RUSSELL,GBR,19.765,69.5375,0.0,26.964999999999996,2.5787500000000003,8,5.0,5.0,2.6850000000000023,9,,,,,permanent,3.0,
2024,Shanghai,China,63,8,94.433,6,Mercedes,George RUSSELL,GBR,18.63939393939394,66.06060606060606,0.0,29.792727272727273,1.68,6,6.0,6.0,0.7730000000000103,6,,,,,permanent,3.0,
2024,Spielberg,Austria,63,3,64.84,1,Mercedes,George RUSSELL,GBR,,,,,,1,7.0,7.0,0.5260000000000105,-2,,,,,permanent,3.0,
2024,Zandvoort,Netherlands,63,4,70.244,7,Mercedes,George RUSSELL,GBR,19.00588235294118,60.96078431372549,0.0,30.80588235294118,4.568627450980392,7,5.0,5.0,0.570999999999998,-10,,,,,permanent,3.0,
2023,Baku,Azerbaijan,77,15,105.352,16,Alfa Romeo,Valtteri BOTTAS,FIN,22.201219512195127,58.28048780487805,0.024390243902439025,36.83170731707317,0.7304878048780489,16,,14.333333333333334,5.149000000000001,1,,,,,street,4.0,
2023,Baku,Azerbaijan,77,13,102.259,18,Alfa Romeo,Valtteri BOTTAS,FIN,24.860625,49.225,0.0,41.209999999999994,1.083125,18,16.0,15.666666666666666,2.0559999999999974,-1,,,,,street,4.0,
2023,Jeddah,Saudi Arabia,77,14,89.668,18,Alfa Romeo,Valtteri BOTTAS,FIN,26.09189189189189,57.79054054054054,0.0,31.79256756756757,1.772297297297297,18,17.0,15.333333333333334,1.4030000000000058,3,,,,,street,5.0,
2023,Miami,United States,77,10,,13,Alfa Romeo,Valtteri BOTTAS,FIN,27.11741935483871,59.42580645161291,0.0,36.689032258064515,3.970322580645162,13,17.333333333333332,17.333333333333332,,-4,,,,,permanent,3.0,
2023,Monte Carlo,Monaco,77,15,72.625,11,Alfa Romeo,Valtteri BOTTAS,FIN,25.06590909090909,45.86363636363637,0.14772727272727273,39.25568181818182,1.0056818181818181,11,16.333333333333332,16.333333333333332,1.2600000000000051,-4,,,,,permanent,3.0,
2023,Montreal,Canada,77,14,81.821,10,Alfa Romeo,Valtteri BOTTAS,FIN,18.530246913580246,63.901234567901234,0.0,30.593209876543206,1.941975308641975,10,14.0,14.0,1.206000000000003,-6,,,,,permanent,3.0,
2023,Sakhir,Bahrain,77,12,91.443,8,Alfa Romeo,Valtteri BOTTAS,FIN,27.43167701863354,21.496894409937887,0.0,31.01180124223602,0.6832298136645961,8,11.333333333333334,11.333333333333334,1.7349999999999994,-1,,,,,permanent,3.0,
2023,Spielberg,Austria,77,19,67.291,20,Alfa Romeo,Valtteri BOTTAS,FIN,16.442268041237117,87.25773195876289,0.35051546391752575,21.11443298969072,0.7752577319587629,20,9.666666666666666,9.666666666666666,2.8999999999999915,3,,,,,permanent,3.0,
2023,Spielberg,Austria,77,14,65.68,15,Alfa Romeo,Valtteri BOTTAS,FIN,22.398039215686275,52.04575163398693,0.0196078431372549,32.05424836601307,1.0973856209150326,15,12.666666666666666,12.666666666666666,1.2890000000000015,-2,,,,,permanent,3.0,
2024,Baku,Azerbaijan,77,16,103.618,16,Kick Sauber,Valtteri BOTTAS,FIN,26.70592105263158,38.01973684210526,0.0,44.34934210526316,1.5513157894736842,16,14.333333333333334,17.0,2.253,-1,,,,,street,4.0,
2024,Catalunya,Spain,77,12,72.227,16,Kick Sauber,Valtteri BOTTAS,FIN,24.132467532467533,63.44155844155844,0.006493506493506494,41.096103896103905,2.1233766233766236,16,17.0,17.666666666666668,0.8440000000000083,-3,,,,,permanent,3.0,
2024,Imola,Italy,77,16,76.626,18,Kick Sauber,Valtteri BOTTAS,FIN,25.113986013986015,48.42657342657343,0.0,42.023776223776224,2.141258741258741,18,15.666666666666666,17.333333333333332,1.8800000000000097,-1,,,,,permanent,3.0,
2024,Las Vegas,United States,77,19,94.43,18,Kick Sauber,Valtteri BOTTAS,FIN,,,,,,18,16.666666666666668,16.666666666666668,2.118000000000009,6,,,,,permanent,3.0,
2024,Miami,United States,77,19,89.36,14,Kick Sauber,Valtteri BOTTAS,FIN,28.698780487804882,56.02439024390244,0.0,44.82682926829268,3.1097560975609757,14,17.333333333333332,17.333333333333332,2.1189999999999998,2,,,,,permanent,3.0,
2024,Miami,United States,77,16,88.463,16,Kick Sauber,Valtteri BOTTAS,FIN,,,,,,16,16.666666666666668,16.666666666666668,1.2219999999999942,-1,,,,,permanent,3.0,
2024,Monte Carlo,Monaco,77,17,72.512,13,Kick Sauber,Valtteri BOTTAS,FIN,21.596499999999995,63.99,0.0,46.318000000000005,0.9795,13,16.0,16.0,2.2420000000000044,-1,,,,,permanent,3.0,
2024,Montreal,Canada,77,19,73.366,13,Kick Sauber,Valtteri BOTTAS,FIN,17.797345132743363,73.38053097345133,0.2743362831858407,24.569911504424784,1.169911504424779,13,14.333333333333334,14.333333333333334,1.3659999999999997,-1,,,,,permanent,3.0,
2024,Monza,Italy,77,19,81.101,16,Kick Sauber,Valtteri BOTTAS,FIN,33.1015037593985,32.285714285714285,0.0,49.31127819548872,1.518796992481203,16,14.0,14.0,1.774000000000001,-1,,,,,permanent,3.0,
2024,Shanghai,China,77,9,121.044,12,Kick Sauber,Valtteri BOTTAS,FIN,19.765,69.5375,0.0,26.964999999999996,2.5787500000000003,12,14.0,14.0,27.384,-1,,,,,permanent,3.0,
2024,Spielberg,Austria,77,18,65.847,16,Kick Sauber,Valtteri BOTTAS,FIN,,,,,,16,13.666666666666666,13.666666666666666,1.5330000000000013,-2,,,,,permanent,3.0,
2024,Zandvoort,Netherlands,77,16,72.168,19,Kick Sauber,Valtteri BOTTAS,FIN,19.00588235294118,60.96078431372549,0.0,30.80588235294118,4.568627450980392,19,14.666666666666666,14.666666666666666,2.4950000000000045,-1,,,,,permanent,3.0,
2023,Baku,Azerbaijan,81,11,103.427,10,McLaren,Oscar PIASTRI,AUS,22.201219512195127,58.28048780487805,0.024390243902439025,36.83170731707317,0.7304878048780489,10,,7.666666666666667,3.2240000000000038,1,,,,,street,4.0,
2023,Baku,Azerbaijan,81,10,101.611,11,McLaren,Oscar PIASTRI,AUS,24.860625,49.225,0.0,41.209999999999994,1.083125,11,10.0,10.333333333333334,1.4080000000000013,0,,,,,street,4.0,
2023,Interlagos,Brazil,81,10,,14,McLaren,Oscar PIASTRI,AUS,,,,,,14,10.5,7.333333333333333,,4,,,,,permanent,3.0,
2023,Jeddah,Saudi Arabia,81,8,89.243,15,McLaren,Oscar PIASTRI,AUS,26.09189189189189,57.79054054054054,0.0,31.79256756756757,1.772297297297297,15,11.666666666666666,11.666666666666666,0.9779999999999944,-11,,,,,street,5.0,
2023,Melbourne,Australia,81,16,78.517,8,McLaren,Oscar PIASTRI,AUS,17.449549549549552,54.15765765765766,0.0,30.13963963963964,1.1270270270270266,8,13.333333333333334,13.333333333333334,1.7849999999999966,3,,,,,permanent,3.0,
2023,Miami,United States,81,19,88.484,19,McLaren,Oscar PIASTRI,AUS,27.11741935483871,59.42580645161291,0.0,36.689032258064515,3.970322580645162,19,12.333333333333334,12.333333333333334,1.6430000000000007,3,,,,,permanent,3.0,
2023,Monte Carlo,Monaco,81,11,72.395,10,McLaren,Oscar PIASTRI,AUS,25.06590909090909,45.86363636363637,0.14772727272727273,39.25568181818182,1.0056818181818181,10,14.0,14.0,1.0300000000000011,1,,,,,permanent,3.0,
2023,Montreal,Canada,81,8,91.349,11,McLaren,Oscar PIASTRI,AUS,18.530246913580246,63.901234567901234,0.0,30.593209876543206,1.941975308641975,11,12.333333333333334,12.333333333333334,10.734000000000009,1,,,,,permanent,3.0,
2023,Singapore,Singapore,81,17,92.902,7,McLaren,Oscar PIASTRI,AUS,29.844318181818185,72.0284090909091,0.0,36.42215909090909,1.4159090909090908,7,13.333333333333334,13.333333333333334,1.9180000000000064,13,,,,,street,2.0,
2023,Spielberg,Austria,81,17,67.106,11,McLaren,Oscar PIASTRI,AUS,16.442268041237117,87.25773195876289,0.35051546391752575,21.11443298969072,0.7752577319587629,11,9.333333333333334,9.333333333333334,2.714999999999989,14,,,,,permanent,3.0,
2023,Spielberg,Austria,81,13,65.605,16,McLaren,Oscar PIASTRI,AUS,22.398039215686275,52.04575163398693,0.0196078431372549,32.05424836601307,1.0973856209150326,16,9.666666666666666,9.666666666666666,1.2139999999999986,10,,,,,permanent,3.0,
2024,Baku,Azerbaijan,81,2,101.686,1,McLaren,Oscar PIASTRI,AUS,26.70592105263158,38.01973684210526,0.0,44.34934210526316,1.5513157894736842,1,11.333333333333334,11.333333333333334,0.32100000000001216,-13,,,,,street,4.0,
2024,Catalunya,Spain,81,9,,7,McLaren,Oscar PIASTRI,AUS,24.132467532467533,63.44155844155844,0.006493506493506494,41.096103896103905,2.1233766233766236,7,9.333333333333334,9.333333333333334,,8,,,,,permanent,3.0,
2024,Imola,Italy,81,5,74.82,4,McLaren,Oscar PIASTRI,AUS,25.113986013986015,48.42657342657343,0.0,42.023776223776224,2.141258741258741,4,8.0,8.0,0.07399999999999807,3,,,,,permanent,3.0,
2024,Las Vegas,United States,81,8,93.033,7,McLaren,Oscar PIASTRI,AUS,,,,,,7,4.0,4.0,0.7210000000000036,2,,,,,permanent,3.0,
2024,Miami,United States,81,6,88.161,6,McLaren,Oscar PIASTRI,AUS,28.698780487804882,56.02439024390244,0.0,44.82682926829268,3.1097560975609757,6,6.0,6.0,0.9200000000000017,1,,,,,permanent,3.0,
2024,Miami,United States,81,6,87.675,13,McLaren,Oscar PIASTRI,AUS,,,,,,13,5.666666666666667,5.666666666666667,0.4339999999999975,1,,,,,permanent,3.0,
2024,Monte Carlo,Monaco,81,2,70.424,2,McLaren,Oscar PIASTRI,AUS,21.596499999999995,63.99,0.0,46.318000000000005,0.9795,2,8.666666666666666,8.666666666666666,0.15400000000001057,-2,,,,,permanent,3.0,
2024,Montreal,Canada,81,4,72.103,5,McLaren,Oscar PIASTRI,AUS,17.797345132743363,73.38053097345133,0.2743362831858407,24.569911504424784,1.169911504424779,5,7.0,7.0,0.10299999999999443,1,,,,,permanent,3.0,
2024,Monza,Italy,81,2,79.436,2,McLaren,Oscar PIASTRI,AUS,33.1015037593985,32.285714285714285,0.0,49.31127819548872,1.518796992481203,2,6.666666666666667,6.666666666666667,0.10900000000000887,1,,,,,permanent,3.0,
2024,Shanghai,China,81,8,120.99,7,McLaren,Oscar PIASTRI,AUS,19.765,69.5375,0.0,26.964999999999996,2.5787500000000003,7,3.0,3.0,27.33,7,,,,,permanent,3.0,
2024,Shanghai,China,81,5,94.273,8,McLaren,Oscar PIASTRI,AUS,18.63939393939394,66.06060606060606,0.0,29.792727272727273,1.68,8,4.666666666666667,4.666666666666667,0.6129999999999995,4,,,,,permanent,3.0,
2024,Spielberg,Austria,81,7,65.048,2,McLaren,Oscar PIASTRI,AUS,,,,,,2,5.666666666666667,5.666666666666667,0.7340000000000089,5,,,,,permanent,3.0,
2024,Zandvoort,Netherlands,81,3,70.172,4,McLaren,Oscar PIASTRI,AUS,19.00588235294118,60.96078431372549,0.0,30.80588235294118,4.568627450980392,4,5.666666666666667,5.666666666666667,0.4989999999999952,2,,,,,permanent,3.0,
